<?xml version="1.0" encoding="UTF-8"?>
<config xmlns="http://www.knime.org/2008/09/XMLConfig" xmlns:xsi="http://www.w3.org/2001/XMLSchema-instance" xsi:schemaLocation="http://www.knime.org/2008/09/XMLConfig http://www.knime.org/XMLConfig_2008_09.xsd" key="spec.xml">
<entry key="spec_name" type="xstring" value="default"/>
<entry key="number_columns" type="xint" value="2"/>
<config key="column_spec_0">
<entry key="column_name" type="xstring" value="Document"/>
<config key="element_names">
<entry key="array-size" type="xint" value="0"/>
</config>
<config key="column_type">
<entry key="cell_class" type="xstring" value="org.knime.ext.textprocessing.data.filestore.DocumentBufferedFileStoreCell"/>
</config>
<config key="column_domain"/>
<config key="column_properties"/>
</config>
<config key="column_spec_1">
<entry key="column_name" type="xstring" value="Document Vector"/>
<config key="element_names">
<entry key="array-size" type="xint" value="1918"/>
<entry key="0" type="xstring" value="Crimea"/>
<entry key="1" type="xstring" value="relief"/>
<entry key="2" type="xstring" value="ton"/>
<entry key="3" type="xstring" value="1800"/>
<entry key="4" type="xstring" value="suppli"/>
<entry key="5" type="xstring" value="Russian"/>
<entry key="6" type="xstring" value="convoi"/>
<entry key="7" type="xstring" value="deliv"/>
<entry key="8" type="xstring" value="Thursdai"/>
<entry key="9" type="xstring" value="defens"/>
<entry key="10" type="xstring" value="NATO"/>
<entry key="11" type="xstring" value="RIA Novosti"/>
<entry key="12" type="xstring" value="Ukrain"/>
<entry key="13" type="xstring" value="told"/>
<entry key="14" type="xstring" value="concept"/>
<entry key="15" type="xstring" value="situat"/>
<entry key="16" type="xstring" value="capabl"/>
<entry key="17" type="xstring" value="relat"/>
<entry key="18" type="xstring" value="allianc"/>
<entry key="19" type="xstring" value="Palestinian"/>
<entry key="20" type="xstring" value="Holocaust"/>
<entry key="21" type="xstring" value="Israel"/>
<entry key="22" type="xstring" value="Hama"/>
<entry key="23" type="xstring" value="Abba"/>
<entry key="24" type="xstring" value="progress"/>
<entry key="25" type="xstring" value="Netanyahu"/>
<entry key="26" type="xstring" value="crime"/>
<entry key="27" type="xstring" value="human"/>
<entry key="28" type="xstring" value="negoti"/>
<entry key="29" type="xstring" value="secur"/>
<entry key="30" type="xstring" value="sentenc"/>
<entry key="31" type="xstring" value="Colonel"/>
<entry key="32" type="xstring" value="coloni"/>
<entry key="33" type="xstring" value="plan"/>
<entry key="34" type="xstring" value="public"/>
<entry key="35" type="xstring" value="compris"/>
<entry key="36" type="xstring" value="investig"/>
<entry key="37" type="xstring" value="Accord"/>
<entry key="38" type="xstring" value="figur"/>
<entry key="39" type="xstring" value="Philippines"/>
<entry key="40" type="xstring" value="Asia"/>
<entry key="41" type="xstring" value="Barack Obama"/>
<entry key="42" type="xstring" value="two-day"/>
<entry key="43" type="xstring" value="trip"/>
<entry key="44" type="xstring" value="leg"/>
<entry key="45" type="xstring" value="Malaysia"/>
<entry key="46" type="xstring" value="Presid"/>
<entry key="47" type="xstring" value="wrapped-up"/>
<entry key="48" type="xstring" value="cover"/>
<entry key="49" type="xstring" value="Congo"/>
<entry key="50" type="xstring" value="Republ"/>
<entry key="51" type="xstring" value="Sassou"/>
<entry key="52" type="xstring" value="Russia"/>
<entry key="53" type="xstring" value="Africa"/>
<entry key="54" type="xstring" value="apart"/>
<entry key="55" type="xstring" value="Nguesso"/>
<entry key="56" type="xstring" value="countri"/>
<entry key="57" type="xstring" value="believ"/>
<entry key="58" type="xstring" value="April"/>
<entry key="59" type="xstring" value="Ukrainian"/>
<entry key="60" type="xstring" value="Pro-Russian"/>
<entry key="61" type="xstring" value="pro-Russian"/>
<entry key="62" type="xstring" value="March"/>
<entry key="63" type="xstring" value="activist"/>
<entry key="64" type="xstring" value="Donetsk"/>
<entry key="65" type="xstring" value="build"/>
<entry key="66" type="xstring" value="region"/>
<entry key="67" type="xstring" value="line"/>
<entry key="68" type="xstring" value="gone"/>
<entry key="69" type="xstring" value="CFR"/>
<entry key="70" type="xstring" value="sanction"/>
<entry key="71" type="xstring" value="Vladimir"/>
<entry key="72" type="xstring" value="cross"/>
<entry key="73" type="xstring" value="Putin"/>
<entry key="74" type="xstring" value="Analysi"/>
<entry key="75" type="xstring" value="protest"/>
<entry key="76" type="xstring" value="City Hall"/>
<entry key="77" type="xstring" value="eastern"/>
<entry key="78" type="xstring" value="citi"/>
<entry key="79" type="xstring" value="call"/>
<entry key="80" type="xstring" value="PaulaSlierRT"/>
<entry key="81" type="xstring" value="offic"/>
<entry key="82" type="xstring" value="PHOTOS"/>
<entry key="83" type="xstring" value="Dereko"/>
<entry key="84" type="xstring" value="administr"/>
<entry key="85" type="xstring" value="ultimatum"/>
<entry key="86" type="xstring" value="agen"/>
<entry key="87" type="xstring" value="deadlin"/>
<entry key="88" type="xstring" value="trade"/>
<entry key="89" type="xstring" value="Yalcin"/>
<entry key="90" type="xstring" value="ad"/>
<entry key="91" type="xstring" value="econom"/>
<entry key="92" type="xstring" value="economi"/>
<entry key="93" type="xstring" value="German"/>
<entry key="94" type="xstring" value="interests”"/>
<entry key="95" type="xstring" value="Germany"/>
<entry key="96" type="xstring" value="Union"/>
<entry key="97" type="xstring" value="state"/>
<entry key="98" type="xstring" value="channel"/>
<entry key="99" type="xstring" value="local"/>
<entry key="100" type="xstring" value="Protest"/>
<entry key="101" type="xstring" value="peopl"/>
<entry key="102" type="xstring" value="Kiev"/>
<entry key="103" type="xstring" value="resumpt"/>
<entry key="104" type="xstring" value="attack"/>
<entry key="105" type="xstring" value="oper"/>
<entry key="106" type="xstring" value="author"/>
<entry key="107" type="xstring" value="armi"/>
<entry key="108" type="xstring" value="own"/>
<entry key="109" type="xstring" value="ten"/>
<entry key="110" type="xstring" value="Sanaa"/>
<entry key="111" type="xstring" value="kill"/>
<entry key="112" type="xstring" value="French"/>
<entry key="113" type="xstring" value="worker"/>
<entry key="114" type="xstring" value="comment"/>
<entry key="115" type="xstring" value="Reuters"/>
<entry key="116" type="xstring" value="Ashton"/>
<entry key="117" type="xstring" value="us"/>
<entry key="118" type="xstring" value="Yemen"/>
<entry key="119" type="xstring" value="ministri"/>
<entry key="120" type="xstring" value="special"/>
<entry key="121" type="xstring" value="South-East"/>
<entry key="122" type="xstring" value="catastroph"/>
<entry key="123" type="xstring" value="assault"/>
<entry key="124" type="xstring" value="vacat"/>
<entry key="125" type="xstring" value="compani"/>
<entry key="126" type="xstring" value="employe"/>
<entry key="127" type="xstring" value="resort"/>
<entry key="128" type="xstring" value="sai"/>
<entry key="129" type="xstring" value="send"/>
<entry key="130" type="xstring" value="advis"/>
<entry key="131" type="xstring" value="ban"/>
<entry key="132" type="xstring" value="unnam"/>
<entry key="133" type="xstring" value="Prime"/>
<entry key="134" type="xstring" value="phase"/>
<entry key="135" type="xstring" value="militari"/>
<entry key="136" type="xstring" value="Minist"/>
<entry key="137" type="xstring" value="parliament-appointed"/>
<entry key="138" type="xstring" value="Sukhoi"/>
<entry key="139" type="xstring" value="2013"/>
<entry key="140" type="xstring" value="plane"/>
<entry key="141" type="xstring" value="SuperJet-100"/>
<entry key="142" type="xstring" value="market"/>
<entry key="143" type="xstring" value="Bahrain"/>
<entry key="144" type="xstring" value="aircraft"/>
<entry key="145" type="xstring" value="global"/>
<entry key="146" type="xstring" value="share"/>
<entry key="147" type="xstring" value="subsidiari"/>
<entry key="148" type="xstring" value="bank"/>
<entry key="149" type="xstring" value="Gazeta"/>
<entry key="150" type="xstring" value="busi"/>
<entry key="151" type="xstring" value="VTB"/>
<entry key="152" type="xstring" value="daili"/>
<entry key="153" type="xstring" value="transfer"/>
<entry key="154" type="xstring" value="govern"/>
<entry key="155" type="xstring" value="EU"/>
<entry key="156" type="xstring" value="Japan"/>
<entry key="157" type="xstring" value="Italy"/>
<entry key="158" type="xstring" value="prepar"/>
<entry key="159" type="xstring" value="Britain"/>
<entry key="160" type="xstring" value="duti"/>
<entry key="161" type="xstring" value="US"/>
<entry key="162" type="xstring" value="export"/>
<entry key="163" type="xstring" value="oil"/>
<entry key="164" type="xstring" value="product"/>
<entry key="165" type="xstring" value="tonn"/>
<entry key="166" type="xstring" value="Belaru"/>
<entry key="167" type="xstring" value="petroleum"/>
<entry key="168" type="xstring" value="light"/>
<entry key="169" type="xstring" value="Berlusconi"/>
<entry key="170" type="xstring" value="concentr"/>
<entry key="171" type="xstring" value="campaign"/>
<entry key="172" type="xstring" value="auster"/>
<entry key="173" type="xstring" value="Italia"/>
<entry key="174" type="xstring" value="Forza"/>
<entry key="175" type="xstring" value="center-right"/>
<entry key="176" type="xstring" value="European"/>
<entry key="177" type="xstring" value="candid"/>
<entry key="178" type="xstring" value="scene"/>
<entry key="179" type="xstring" value="fight"/>
<entry key="180" type="xstring" value="fierc"/>
<entry key="181" type="xstring" value="press-service"/>
<entry key="182" type="xstring" value="pro-"/>
<entry key="183" type="xstring" value="VIDEO"/>
<entry key="184" type="xstring" value="GrahamWPUK"/>
<entry key="185" type="xstring" value="river"/>
<entry key="186" type="xstring" value="plai"/>
<entry key="187" type="xstring" value="surfac"/>
<entry key="188" type="xstring" value="click"/>
<entry key="189" type="xstring" value="browser"/>
<entry key="190" type="xstring" value="Flash"/>
<entry key="191" type="xstring" value="below"/>
<entry key="192" type="xstring" value="new"/>
<entry key="193" type="xstring" value="Slovyansk"/>
<entry key="194" type="xstring" value="Afghanistan"/>
<entry key="195" type="xstring" value="complet"/>
<entry key="196" type="xstring" value="Iraq"/>
<entry key="197" type="xstring" value="mission"/>
<entry key="198" type="xstring" value="Washington"/>
<entry key="199" type="xstring" value="successfulli"/>
<entry key="200" type="xstring" value="Afghan"/>
<entry key="201" type="xstring" value="injur"/>
<entry key="202" type="xstring" value="soldier"/>
<entry key="203" type="xstring" value="cours"/>
<entry key="204" type="xstring" value="obstacl"/>
<entry key="205" type="xstring" value="forc"/>
<entry key="206" type="xstring" value="arm"/>
<entry key="207" type="xstring" value="inspect"/>
<entry key="208" type="xstring" value="Mosfilm"/>
<entry key="209" type="xstring" value="Moscow"/>
<entry key="210" type="xstring" value="polic"/>
<entry key="211" type="xstring" value="explos"/>
<entry key="212" type="xstring" value="film"/>
<entry key="213" type="xstring" value="hoax"/>
<entry key="214" type="xstring" value="studio"/>
<entry key="215" type="xstring" value="threat"/>
<entry key="216" type="xstring" value="spokesman"/>
<entry key="217" type="xstring" value="jet"/>
<entry key="218" type="xstring" value="accord"/>
<entry key="219" type="xstring" value="tension"/>
<entry key="220" type="xstring" value="Lithuania"/>
<entry key="221" type="xstring" value="Poland"/>
<entry key="222" type="xstring" value="deploi"/>
<entry key="223" type="xstring" value="Mondai"/>
<entry key="224" type="xstring" value="freez"/>
<entry key="225" type="xstring" value="Microsoft"/>
<entry key="226" type="xstring" value="sourc"/>
<entry key="227" type="xstring" value="head"/>
<entry key="228" type="xstring" value="Deputi"/>
<entry key="229" type="xstring" value="circl"/>
<entry key="230" type="xstring" value="asset"/>
<entry key="231" type="xstring" value="subject"/>
<entry key="232" type="xstring" value="inner"/>
<entry key="233" type="xstring" value="Putin’s"/>
<entry key="234" type="xstring" value="Sechin"/>
<entry key="235" type="xstring" value="CIA"/>
<entry key="236" type="xstring" value="Bild"/>
<entry key="237" type="xstring" value="regim"/>
<entry key="238" type="xstring" value="east"/>
<entry key="239" type="xstring" value="weekli"/>
<entry key="240" type="xstring" value="consult"/>
<entry key="241" type="xstring" value="incumb"/>
<entry key="242" type="xstring" value="Sonntag"/>
<entry key="243" type="xstring" value="concern"/>
<entry key="244" type="xstring" value="develop"/>
<entry key="245" type="xstring" value="“Today"/>
<entry key="246" type="xstring" value="anxieti"/>
<entry key="247" type="xstring" value="stabl"/>
<entry key="248" type="xstring" value="CIS Executive Committee"/>
<entry key="249" type="xstring" value="rare"/>
<entry key="250" type="xstring" value="Command"/>
<entry key="251" type="xstring" value="access"/>
<entry key="252" type="xstring" value="Damon"/>
<entry key="253" type="xstring" value="Arwa"/>
<entry key="254" type="xstring" value="Control Center"/>
<entry key="255" type="xstring" value="pro-Russia"/>
<entry key="256" type="xstring" value="CNN"/>
<entry key="257" type="xstring" value="Canada"/>
<entry key="258" type="xstring" value="snap"/>
<entry key="259" type="xstring" value="slate"/>
<entry key="260" type="xstring" value="Stephen Harper"/>
<entry key="261" type="xstring" value="Canadian"/>
<entry key="262" type="xstring" value="observ"/>
<entry key="263" type="xstring" value="Crimean"/>
<entry key="264" type="xstring" value="list"/>
<entry key="265" type="xstring" value="Ukraine’s"/>
<entry key="266" type="xstring" value="lawmak"/>
<entry key="267" type="xstring" value="Petersburg"/>
<entry key="268" type="xstring" value="Sundai"/>
<entry key="269" type="xstring" value="servic"/>
<entry key="270" type="xstring" value="Dobkin"/>
<entry key="271" type="xstring" value="memorandum"/>
<entry key="272" type="xstring" value="opposit"/>
<entry key="273" type="xstring" value="mutual"/>
<entry key="274" type="xstring" value="absolut"/>
<entry key="275" type="xstring" value="Obama"/>
<entry key="276" type="xstring" value="photo"/>
<entry key="277" type="xstring" value="presid"/>
<entry key="278" type="xstring" value="time"/>
<entry key="279" type="xstring" value="leader"/>
<entry key="280" type="xstring" value="selfi"/>
<entry key="281" type="xstring" value="White House"/>
<entry key="282" type="xstring" value="Western"/>
<entry key="283" type="xstring" value="Matviyenko"/>
<entry key="284" type="xstring" value="broken"/>
<entry key="285" type="xstring" value="West"/>
<entry key="286" type="xstring" value="Crisi"/>
<entry key="287" type="xstring" value="China"/>
<entry key="288" type="xstring" value="Chines"/>
<entry key="289" type="xstring" value="Beijing"/>
<entry key="290" type="xstring" value="Condemn"/>
<entry key="291" type="xstring" value="East"/>
<entry key="292" type="xstring" value="China Sea"/>
<entry key="293" type="xstring" value="drill"/>
<entry key="294" type="xstring" value="project"/>
<entry key="295" type="xstring" value="construct"/>
<entry key="296" type="xstring" value="Kerch"/>
<entry key="297" type="xstring" value="privat"/>
<entry key="298" type="xstring" value="Strait"/>
<entry key="299" type="xstring" value="Turchynov"/>
<entry key="300" type="xstring" value="readi"/>
<entry key="301" type="xstring" value="combat"/>
<entry key="302" type="xstring" value="ga"/>
<entry key="303" type="xstring" value="contract"/>
<entry key="304" type="xstring" value="Miller"/>
<entry key="305" type="xstring" value="Gazprom"/>
<entry key="306" type="xstring" value="Term"/>
<entry key="307" type="xstring" value="Major"/>
<entry key="308" type="xstring" value="rout"/>
<entry key="309" type="xstring" value="lower"/>
<entry key="310" type="xstring" value="averag"/>
<entry key="311" type="xstring" value="live"/>
<entry key="312" type="xstring" value="biggest"/>
<entry key="313" type="xstring" value="Iran"/>
<entry key="314" type="xstring" value="United States"/>
<entry key="315" type="xstring" value="accus"/>
<entry key="316" type="xstring" value="missil"/>
<entry key="317" type="xstring" value="program"/>
<entry key="318" type="xstring" value="businessman"/>
<entry key="319" type="xstring" value="environment"/>
<entry key="320" type="xstring" value="protect"/>
<entry key="321" type="xstring" value="pollut"/>
<entry key="322" type="xstring" value="polici"/>
<entry key="323" type="xstring" value="impos"/>
<entry key="324" type="xstring" value="polit"/>
<entry key="325" type="xstring" value="civil"/>
<entry key="326" type="xstring" value="Region"/>
<entry key="327" type="xstring" value="Odessa"/>
<entry key="328" type="xstring" value="statem"/>
<entry key="329" type="xstring" value="crisi"/>
<entry key="330" type="xstring" value="Cold"/>
<entry key="331" type="xstring" value="War"/>
<entry key="332" type="xstring" value="debat"/>
<entry key="333" type="xstring" value="softwar"/>
<entry key="334" type="xstring" value="includ"/>
<entry key="335" type="xstring" value="American"/>
<entry key="336" type="xstring" value="Sychyov"/>
<entry key="337" type="xstring" value="support"/>
<entry key="338" type="xstring" value="congest"/>
<entry key="339" type="xstring" value="traffic"/>
<entry key="340" type="xstring" value="car"/>
<entry key="341" type="xstring" value="percent"/>
<entry key="342" type="xstring" value="Brussel"/>
<entry key="343" type="xstring" value="drive"/>
<entry key="344" type="xstring" value="charg"/>
<entry key="345" type="xstring" value="travel"/>
<entry key="346" type="xstring" value="tax"/>
<entry key="347" type="xstring" value="aim"/>
<entry key="348" type="xstring" value="Council of Europe"/>
<entry key="349" type="xstring" value="current"/>
<entry key="350" type="xstring" value="event"/>
<entry key="351" type="xstring" value="Europe"/>
<entry key="352" type="xstring" value="session"/>
<entry key="353" type="xstring" value="loss"/>
<entry key="354" type="xstring" value="120000"/>
<entry key="355" type="xstring" value="reach"/>
<entry key="356" type="xstring" value="water"/>
<entry key="357" type="xstring" value="crop"/>
<entry key="358" type="xstring" value="billion"/>
<entry key="359" type="xstring" value="Crimea’s"/>
<entry key="360" type="xstring" value="reserv"/>
<entry key="361" type="xstring" value="Polonski"/>
<entry key="362" type="xstring" value="drink"/>
<entry key="363" type="xstring" value="North"/>
<entry key="364" type="xstring" value="Sevastopol"/>
<entry key="365" type="xstring" value="reaction"/>
<entry key="366" type="xstring" value="gift"/>
<entry key="367" type="xstring" value="Soviet Union"/>
<entry key="368" type="xstring" value="Cuba"/>
<entry key="369" type="xstring" value="Cuban"/>
<entry key="370" type="xstring" value="Miami"/>
<entry key="371" type="xstring" value="CubaNow"/>
<entry key="372" type="xstring" value="wave"/>
<entry key="373" type="xstring" value="Herrero"/>
<entry key="374" type="xstring" value="oilfield"/>
<entry key="375" type="xstring" value="Prirazlomni"/>
<entry key="376" type="xstring" value="Korchagin"/>
<entry key="377" type="xstring" value="custom"/>
<entry key="378" type="xstring" value="period"/>
<entry key="379" type="xstring" value="formula"/>
<entry key="380" type="xstring" value="Vader"/>
<entry key="381" type="xstring" value="regist"/>
<entry key="382" type="xstring" value="elect"/>
<entry key="383" type="xstring" value="seat"/>
<entry key="384" type="xstring" value="mayor"/>
<entry key="385" type="xstring" value="fire"/>
<entry key="386" type="xstring" value="death"/>
<entry key="387" type="xstring" value="Defense Ministry"/>
<entry key="388" type="xstring" value="fatal"/>
<entry key="389" type="xstring" value="jointli"/>
<entry key="390" type="xstring" value="adversari"/>
<entry key="391" type="xstring" value="Baltic states"/>
<entry key="392" type="xstring" value="treat"/>
<entry key="393" type="xstring" value="conting"/>
<entry key="394" type="xstring" value="Danish"/>
<entry key="395" type="xstring" value="team"/>
<entry key="396" type="xstring" value="soon"/>
<entry key="397" type="xstring" value="Sweden"/>
<entry key="398" type="xstring" value="OSCE"/>
<entry key="399" type="xstring" value="cooper"/>
<entry key="400" type="xstring" value="weapon"/>
<entry key="401" type="xstring" value="diplomat"/>
<entry key="402" type="xstring" value="continu"/>
<entry key="403" type="xstring" value="sphere"/>
<entry key="404" type="xstring" value="nuclear"/>
<entry key="405" type="xstring" value="Ulyanov"/>
<entry key="406" type="xstring" value="SBU"/>
<entry key="407" type="xstring" value="DPR"/>
<entry key="408" type="xstring" value="militiamen"/>
<entry key="409" type="xstring" value="law"/>
<entry key="410" type="xstring" value="co-chair"/>
<entry key="411" type="xstring" value="enforc"/>
<entry key="412" type="xstring" value="Security Service"/>
<entry key="413" type="xstring" value="seiz"/>
<entry key="414" type="xstring" value="Pavel"/>
<entry key="415" type="xstring" value="Gubarev"/>
<entry key="416" type="xstring" value="ITAR-TASS."/>
<entry key="417" type="xstring" value="co-chairman"/>
<entry key="418" type="xstring" value="referendum"/>
<entry key="419" type="xstring" value="426"/>
<entry key="420" type="xstring" value="“It"/>
<entry key="421" type="xstring" value="hold"/>
<entry key="422" type="xstring" value="held"/>
<entry key="423" type="xstring" value="organ"/>
<entry key="424" type="xstring" value="power"/>
<entry key="425" type="xstring" value="issu"/>
<entry key="426" type="xstring" value="broader"/>
<entry key="427" type="xstring" value="central"/>
<entry key="428" type="xstring" value="presidenti"/>
<entry key="429" type="xstring" value="Pushilin"/>
<entry key="430" type="xstring" value="presidium"/>
<entry key="431" type="xstring" value="recent"/>
<entry key="432" type="xstring" value="newspap"/>
<entry key="433" type="xstring" value="Dozen"/>
<entry key="434" type="xstring" value="agent"/>
<entry key="435" type="xstring" value="FBI"/>
<entry key="436" type="xstring" value="Slaviansk"/>
<entry key="437" type="xstring" value="separatist"/>
<entry key="438" type="xstring" value="civilian"/>
<entry key="439" type="xstring" value="Fridai"/>
<entry key="440" type="xstring" value="Slavyansk"/>
<entry key="441" type="xstring" value="troop"/>
<entry key="442" type="xstring" value="militia"/>
<entry key="443" type="xstring" value="2014"/>
<entry key="444" type="xstring" value="rebel"/>
<entry key="445" type="xstring" value="Saturdai"/>
<entry key="446" type="xstring" value="union"/>
<entry key="447" type="xstring" value="network"/>
<entry key="448" type="xstring" value="produc"/>
<entry key="449" type="xstring" value="retail"/>
<entry key="450" type="xstring" value="Duma"/>
<entry key="451" type="xstring" value="autumn"/>
<entry key="452" type="xstring" value="food"/>
<entry key="453" type="xstring" value="theft"/>
<entry key="454" type="xstring" value="tragedi"/>
<entry key="455" type="xstring" value="radic"/>
<entry key="456" type="xstring" value="guilti"/>
<entry key="457" type="xstring" value="war"/>
<entry key="458" type="xstring" value="fascist"/>
<entry key="459" type="xstring" value="set"/>
<entry key="460" type="xstring" value="commun"/>
<entry key="461" type="xstring" value="FAS"/>
<entry key="462" type="xstring" value="phone"/>
<entry key="463" type="xstring" value="MP"/>
<entry key="464" type="xstring" value="cellular"/>
<entry key="465" type="xstring" value="rest"/>
<entry key="466" type="xstring" value="mobil"/>
<entry key="467" type="xstring" value="request"/>
<entry key="468" type="xstring" value="Donut"/>
<entry key="469" type="xstring" value="guest"/>
<entry key="470" type="xstring" value="Dunkaccino"/>
<entry key="471" type="xstring" value="Dunkin"/>
<entry key="472" type="xstring" value="addit"/>
<entry key="473" type="xstring" value="Frozen"/>
<entry key="474" type="xstring" value="Fudgaccino"/>
<entry key="475" type="xstring" value="beverag"/>
<entry key="476" type="xstring" value="hot"/>
<entry key="477" type="xstring" value="Mocha Crunch"/>
<entry key="478" type="xstring" value="Wilder"/>
<entry key="479" type="xstring" value="nate"/>
<entry key="480" type="xstring" value="toward"/>
<entry key="481" type="xstring" value="European Union"/>
<entry key="482" type="xstring" value="look"/>
<entry key="483" type="xstring" value="airspac"/>
<entry key="484" type="xstring" value="Dutch"/>
<entry key="485" type="xstring" value="fighter"/>
<entry key="486" type="xstring" value="citizen"/>
<entry key="487" type="xstring" value="Sloviansk"/>
<entry key="488" type="xstring" value="all-arms"/>
<entry key="489" type="xstring" value="“An"/>
<entry key="490" type="xstring" value="launch"/>
<entry key="491" type="xstring" value="punit"/>
<entry key="492" type="xstring" value="Meanwhil"/>
<entry key="493" type="xstring" value="sniper"/>
<entry key="494" type="xstring" value="Armore"/>
<entry key="495" type="xstring" value="treati"/>
<entry key="496" type="xstring" value="Ushakov"/>
<entry key="497" type="xstring" value="inform"/>
<entry key="498" type="xstring" value="Eurasian Economic Union"/>
<entry key="499" type="xstring" value="draft"/>
<entry key="500" type="xstring" value="discuss"/>
<entry key="501" type="xstring" value="expect"/>
<entry key="502" type="xstring" value="invit"/>
<entry key="503" type="xstring" value="Geneva"/>
<entry key="504" type="xstring" value="oblig"/>
<entry key="505" type="xstring" value="European Commission"/>
<entry key="506" type="xstring" value="constitut"/>
<entry key="507" type="xstring" value="Kiev’s"/>
<entry key="508" type="xstring" value="letter"/>
<entry key="509" type="xstring" value="Italian"/>
<entry key="510" type="xstring" value="contact"/>
<entry key="511" type="xstring" value="marriag"/>
<entry key="512" type="xstring" value="add"/>
<entry key="513" type="xstring" value="histori"/>
<entry key="514" type="xstring" value="Oetting"/>
<entry key="515" type="xstring" value="Warsaw"/>
<entry key="516" type="xstring" value="fascism"/>
<entry key="517" type="xstring" value="allow"/>
<entry key="518" type="xstring" value="Sector"/>
<entry key="519" type="xstring" value="real"/>
<entry key="520" type="xstring" value="“that"/>
<entry key="521" type="xstring" value="view"/>
<entry key="522" type="xstring" value="docum"/>
<entry key="523" type="xstring" value="Commission"/>
<entry key="524" type="xstring" value="annex"/>
<entry key="525" type="xstring" value="origin"/>
<entry key="526" type="xstring" value="financi"/>
<entry key="527" type="xstring" value="FATF"/>
<entry key="528" type="xstring" value="anti-money"/>
<entry key="529" type="xstring" value="meet"/>
<entry key="530" type="xstring" value="launder"/>
<entry key="531" type="xstring" value="effort"/>
<entry key="532" type="xstring" value="South Sudan"/>
<entry key="533" type="xstring" value="conflict"/>
<entry key="534" type="xstring" value="humanitarian"/>
<entry key="535" type="xstring" value="dai"/>
<entry key="536" type="xstring" value="violenc"/>
<entry key="537" type="xstring" value="External"/>
<entry key="538" type="xstring" value="circumst"/>
<entry key="539" type="xstring" value="foreign"/>
<entry key="540" type="xstring" value="relev"/>
<entry key="541" type="xstring" value="begin"/>
<entry key="542" type="xstring" value="rubl"/>
<entry key="543" type="xstring" value="prompt"/>
<entry key="544" type="xstring" value="1st"/>
<entry key="545" type="xstring" value="Vahei"/>
<entry key="546" type="xstring" value="imag"/>
<entry key="547" type="xstring" value="school"/>
<entry key="548" type="xstring" value="American Nicaraguan School"/>
<entry key="549" type="xstring" value="Houston"/>
<entry key="550" type="xstring" value="victim"/>
<entry key="551" type="xstring" value="taught"/>
<entry key="552" type="xstring" value="thumb"/>
<entry key="553" type="xstring" value="Ponomaryov"/>
<entry key="554" type="xstring" value="Fair"/>
<entry key="555" type="xstring" value="deputi"/>
<entry key="556" type="xstring" value="parti"/>
<entry key="557" type="xstring" value="Mironov"/>
<entry key="558" type="xstring" value="parliamentari"/>
<entry key="559" type="xstring" value="Maidan"/>
<entry key="560" type="xstring" value="shot"/>
<entry key="561" type="xstring" value="massiv"/>
<entry key="562" type="xstring" value="brawl"/>
<entry key="563" type="xstring" value="media"/>
<entry key="564" type="xstring" value="ral"/>
<entry key="565" type="xstring" value="heard"/>
<entry key="566" type="xstring" value="injuri"/>
<entry key="567" type="xstring" value="reign"/>
<entry key="568" type="xstring" value="Fear"/>
<entry key="569" type="xstring" value="road"/>
<entry key="570" type="xstring" value="powerless"/>
<entry key="571" type="xstring" value="appear"/>
<entry key="572" type="xstring" value="million"/>
<entry key="573" type="xstring" value="cost"/>
<entry key="574" type="xstring" value="Biden"/>
<entry key="575" type="xstring" value="Obama’s"/>
<entry key="576" type="xstring" value="variou"/>
<entry key="577" type="xstring" value="territori"/>
<entry key="578" type="xstring" value="Five"/>
<entry key="579" type="xstring" value="commiss"/>
<entry key="580" type="xstring" value="Trans-Baikal"/>
<entry key="581" type="xstring" value="ammunit"/>
<entry key="582" type="xstring" value="depot"/>
<entry key="583" type="xstring" value="District"/>
<entry key="584" type="xstring" value="Denis Kurochkin"/>
<entry key="585" type="xstring" value="assist"/>
<entry key="586" type="xstring" value="footbal"/>
<entry key="587" type="xstring" value="fan"/>
<entry key="588" type="xstring" value="ly"/>
<entry key="589" type="xstring" value="ground"/>
<entry key="590" type="xstring" value="ultra"/>
<entry key="591" type="xstring" value="Lvov"/>
<entry key="592" type="xstring" value="Nazi"/>
<entry key="593" type="xstring" value="town"/>
<entry key="594" type="xstring" value="western"/>
<entry key="595" type="xstring" value="hall"/>
<entry key="596" type="xstring" value="Spirit"/>
<entry key="597" type="xstring" value="life"/>
<entry key="598" type="xstring" value="Magnific"/>
<entry key="599" type="xstring" value="languag"/>
<entry key="600" type="xstring" value="stipul"/>
<entry key="601" type="xstring" value="fine"/>
<entry key="602" type="xstring" value="concert"/>
<entry key="603" type="xstring" value="foul"/>
<entry key="604" type="xstring" value="expert"/>
<entry key="605" type="xstring" value="reckon"/>
<entry key="606" type="xstring" value="seek"/>
<entry key="607" type="xstring" value="come"/>
<entry key="608" type="xstring" value="Snowden"/>
<entry key="609" type="xstring" value="report"/>
<entry key="610" type="xstring" value="intellig"/>
<entry key="611" type="xstring" value="CDU"/>
<entry key="612" type="xstring" value="Social"/>
<entry key="613" type="xstring" value="Democrat"/>
<entry key="614" type="xstring" value="unaccept"/>
<entry key="615" type="xstring" value="camp"/>
<entry key="616" type="xstring" value="confer"/>
<entry key="617" type="xstring" value="Ukraine"/>
<entry key="618" type="xstring" value="Perebeyni"/>
<entry key="619" type="xstring" value="Foreign"/>
<entry key="620" type="xstring" value="coup-imposed"/>
<entry key="621" type="xstring" value="committe"/>
<entry key="622" type="xstring" value="person"/>
<entry key="623" type="xstring" value="NSA"/>
<entry key="624" type="xstring" value="spy"/>
<entry key="625" type="xstring" value="testifi"/>
<entry key="626" type="xstring" value="Merkel"/>
<entry key="627" type="xstring" value="Green"/>
<entry key="628" type="xstring" value="surveil"/>
<entry key="629" type="xstring" value="assur"/>
<entry key="630" type="xstring" value="disclosur"/>
<entry key="631" type="xstring" value="term"/>
<entry key="632" type="xstring" value="Jordan"/>
<entry key="633" type="xstring" value="co-operation"/>
<entry key="634" type="xstring" value="press"/>
<entry key="635" type="xstring" value="sign"/>
<entry key="636" type="xstring" value="Russia-Jordan"/>
<entry key="637" type="xstring" value="Kharkiv"/>
<entry key="638" type="xstring" value="Kern"/>
<entry key="639" type="xstring" value="gunmen"/>
<entry key="640" type="xstring" value="self-defense"/>
<entry key="641" type="xstring" value="Artyomovsk"/>
<entry key="642" type="xstring" value="Gunmen"/>
<entry key="643" type="xstring" value="cach"/>
<entry key="644" type="xstring" value="found"/>
<entry key="645" type="xstring" value="NAC"/>
<entry key="646" type="xstring" value="Interior"/>
<entry key="647" type="xstring" value="illeg"/>
<entry key="648" type="xstring" value="district"/>
<entry key="649" type="xstring" value="FSB"/>
<entry key="650" type="xstring" value="dugout"/>
<entry key="651" type="xstring" value="Ingushetia"/>
<entry key="652" type="xstring" value="Hitler"/>
<entry key="653" type="xstring" value="Hitler’s"/>
<entry key="654" type="xstring" value="articl"/>
<entry key="655" type="xstring" value="Migranyan"/>
<entry key="656" type="xstring" value="Post"/>
<entry key="657" type="xstring" value="rage"/>
<entry key="658" type="xstring" value="page"/>
<entry key="659" type="xstring" value="near"/>
<entry key="660" type="xstring" value="block"/>
<entry key="661" type="xstring" value="council"/>
<entry key="662" type="xstring" value="right"/>
<entry key="663" type="xstring" value="Rada"/>
<entry key="664" type="xstring" value="UN"/>
<entry key="665" type="xstring" value="council’s"/>
<entry key="666" type="xstring" value="Verkhovna"/>
<entry key="667" type="xstring" value="“to"/>
<entry key="668" type="xstring" value="surrend"/>
<entry key="669" type="xstring" value="Lugansk"/>
<entry key="670" type="xstring" value="HQ"/>
<entry key="671" type="xstring" value="Ministry"/>
<entry key="672" type="xstring" value="demand"/>
<entry key="673" type="xstring" value="governor"/>
<entry key="674" type="xstring" value="people’s"/>
<entry key="675" type="xstring" value="prison"/>
<entry key="676" type="xstring" value="immedi"/>
<entry key="677" type="xstring" value="ICRC"/>
<entry key="678" type="xstring" value="applic"/>
<entry key="679" type="xstring" value="pend"/>
<entry key="680" type="xstring" value="spokesperson"/>
<entry key="681" type="xstring" value="licens"/>
<entry key="682" type="xstring" value="exist"/>
<entry key="683" type="xstring" value="ILS"/>
<entry key="684" type="xstring" value="deficit"/>
<entry key="685" type="xstring" value="non-oil"/>
<entry key="686" type="xstring" value="brief"/>
<entry key="687" type="xstring" value="Monetari"/>
<entry key="688" type="xstring" value="IMF European Department Antonio Spilimbergo"/>
<entry key="689" type="xstring" value="IMF"/>
<entry key="690" type="xstring" value="“We"/>
<entry key="691" type="xstring" value="action"/>
<entry key="692" type="xstring" value="indign"/>
<entry key="693" type="xstring" value="Februari"/>
<entry key="694" type="xstring" value="India"/>
<entry key="695" type="xstring" value="Indian"/>
<entry key="696" type="xstring" value="Karzai"/>
<entry key="697" type="xstring" value="equip"/>
<entry key="698" type="xstring" value="total"/>
<entry key="699" type="xstring" value="shootout"/>
<entry key="700" type="xstring" value="denounc"/>
<entry key="701" type="xstring" value="gener"/>
<entry key="702" type="xstring" value="capac"/>
<entry key="703" type="xstring" value="energi"/>
<entry key="704" type="xstring" value="unit"/>
<entry key="705" type="xstring" value="roubl"/>
<entry key="706" type="xstring" value="adopt"/>
<entry key="707" type="xstring" value="400"/>
<entry key="708" type="xstring" value="offici"/>
<entry key="709" type="xstring" value="airlin"/>
<entry key="710" type="xstring" value="Airbus"/>
<entry key="711" type="xstring" value="top"/>
<entry key="712" type="xstring" value="Reuter"/>
<entry key="713" type="xstring" value="Sunni"/>
<entry key="714" type="xstring" value="Wednesdai"/>
<entry key="715" type="xstring" value="visa"/>
<entry key="716" type="xstring" value="crisisMai"/>
<entry key="717" type="xstring" value="summit"/>
<entry key="718" type="xstring" value="TPP"/>
<entry key="719" type="xstring" value="Tokyo"/>
<entry key="720" type="xstring" value="Xinhua"/>
<entry key="721" type="xstring" value="Japan’s"/>
<entry key="722" type="xstring" value="pressur"/>
<entry key="723" type="xstring" value="“This"/>
<entry key="724" type="xstring" value="obvious"/>
<entry key="725" type="xstring" value="counter"/>
<entry key="726" type="xstring" value="rocket"/>
<entry key="727" type="xstring" value="Zenit"/>
<entry key="728" type="xstring" value="space"/>
<entry key="729" type="xstring" value="facil"/>
<entry key="730" type="xstring" value="compon"/>
<entry key="731" type="xstring" value="talk"/>
<entry key="732" type="xstring" value="Kiir"/>
<entry key="733" type="xstring" value="Machar"/>
<entry key="734" type="xstring" value="thousand"/>
<entry key="735" type="xstring" value="ethnic"/>
<entry key="736" type="xstring" value="ago"/>
<entry key="737" type="xstring" value="Kerry"/>
<entry key="738" type="xstring" value="sector"/>
<entry key="739" type="xstring" value="USA"/>
<entry key="740" type="xstring" value="Journal"/>
<entry key="741" type="xstring" value="Ethiopia"/>
<entry key="742" type="xstring" value="month"/>
<entry key="743" type="xstring" value="evid"/>
<entry key="744" type="xstring" value="Kerry’s"/>
<entry key="745" type="xstring" value="EU’s"/>
<entry key="746" type="xstring" value="telephon"/>
<entry key="747" type="xstring" value="approach"/>
<entry key="748" type="xstring" value="Secretari"/>
<entry key="749" type="xstring" value="Syria"/>
<entry key="750" type="xstring" value="postpon"/>
<entry key="751" type="xstring" value="Sergei Lavrov"/>
<entry key="752" type="xstring" value="propos"/>
<entry key="753" type="xstring" value="enter"/>
<entry key="754" type="xstring" value="entri"/>
<entry key="755" type="xstring" value="Kramatorsk"/>
<entry key="756" type="xstring" value="Poltava"/>
<entry key="757" type="xstring" value="Berkut"/>
<entry key="758" type="xstring" value="cite"/>
<entry key="759" type="xstring" value="prayer"/>
<entry key="760" type="xstring" value="World"/>
<entry key="761" type="xstring" value="announc"/>
<entry key="762" type="xstring" value="hope"/>
<entry key="763" type="xstring" value="releas"/>
<entry key="764" type="xstring" value="minist"/>
<entry key="765" type="xstring" value="amnesti"/>
<entry key="766" type="xstring" value="afraid"/>
<entry key="767" type="xstring" value="Tsariov"/>
<entry key="768" type="xstring" value="ear"/>
<entry key="769" type="xstring" value="word"/>
<entry key="770" type="xstring" value="do"/>
<entry key="771" type="xstring" value="“cut"/>
<entry key="772" type="xstring" value="Lavrov"/>
<entry key="773" type="xstring" value="reconcili"/>
<entry key="774" type="xstring" value="step"/>
<entry key="775" type="xstring" value="disarm"/>
<entry key="776" type="xstring" value="indulg"/>
<entry key="777" type="xstring" value="Dai"/>
<entry key="778" type="xstring" value="Victori"/>
<entry key="779" type="xstring" value="cancel"/>
<entry key="780" type="xstring" value="parad"/>
<entry key="781" type="xstring" value="Churkin"/>
<entry key="782" type="xstring" value="agreem"/>
<entry key="783" type="xstring" value="convinc"/>
<entry key="784" type="xstring" value="Tuesdai"/>
<entry key="785" type="xstring" value="so-called"/>
<entry key="786" type="xstring" value="colleagu"/>
<entry key="787" type="xstring" value="agricultur"/>
<entry key="788" type="xstring" value="Aksyonov"/>
<entry key="789" type="xstring" value="vehicl"/>
<entry key="790" type="xstring" value="checkpoint"/>
<entry key="791" type="xstring" value="armor"/>
<entry key="792" type="xstring" value="loan"/>
<entry key="793" type="xstring" value="portion"/>
<entry key="794" type="xstring" value="curren"/>
<entry key="795" type="xstring" value="gold"/>
<entry key="796" type="xstring" value="stabil"/>
<entry key="797" type="xstring" value="push"/>
<entry key="798" type="xstring" value="“Western"/>
<entry key="799" type="xstring" value="United Nations Vitaly Churkin"/>
<entry key="800" type="xstring" value="APC"/>
<entry key="801" type="xstring" value="peac"/>
<entry key="802" type="xstring" value="initi"/>
<entry key="803" type="xstring" value="express"/>
<entry key="804" type="xstring" value="New"/>
<entry key="805" type="xstring" value="Donbass"/>
<entry key="806" type="xstring" value="Peskov"/>
<entry key="807" type="xstring" value="regret"/>
<entry key="808" type="xstring" value="absurd"/>
<entry key="809" type="xstring" value="Dmitry"/>
<entry key="810" type="xstring" value="southeast"/>
<entry key="811" type="xstring" value="prioriti"/>
<entry key="812" type="xstring" value="Kyrgyzstan’s"/>
<entry key="813" type="xstring" value="Otorbayev"/>
<entry key="814" type="xstring" value="Program"/>
<entry key="815" type="xstring" value="consequ"/>
<entry key="816" type="xstring" value="Lagard"/>
<entry key="817" type="xstring" value="Christine Lagarde"/>
<entry key="818" type="xstring" value="suffer"/>
<entry key="819" type="xstring" value="chemic"/>
<entry key="820" type="xstring" value="Syrian"/>
<entry key="821" type="xstring" value="destruct"/>
<entry key="822" type="xstring" value="remov"/>
<entry key="823" type="xstring" value="materi"/>
<entry key="824" type="xstring" value="Statem"/>
<entry key="825" type="xstring" value="urg"/>
<entry key="826" type="xstring" value="involv"/>
<entry key="827" type="xstring" value="Greyston"/>
<entry key="828" type="xstring" value="handgun"/>
<entry key="829" type="xstring" value="weaponri"/>
<entry key="830" type="xstring" value="rifl"/>
<entry key="831" type="xstring" value="activ"/>
<entry key="832" type="xstring" value="detain"/>
<entry key="833" type="xstring" value="Steinmeier"/>
<entry key="834" type="xstring" value="dialogu"/>
<entry key="835" type="xstring" value="repres"/>
<entry key="836" type="xstring" value="Peru"/>
<entry key="837" type="xstring" value="oppon"/>
<entry key="838" type="xstring" value="establish"/>
<entry key="839" type="xstring" value="bilater"/>
<entry key="840" type="xstring" value="intern"/>
<entry key="841" type="xstring" value="expans"/>
<entry key="842" type="xstring" value="framework"/>
<entry key="843" type="xstring" value="Chile"/>
<entry key="844" type="xstring" value="visit"/>
<entry key="845" type="xstring" value="“highly"/>
<entry key="846" type="xstring" value="Russian Foreign Ministry"/>
<entry key="847" type="xstring" value="Cooper"/>
<entry key="848" type="xstring" value="South Africa"/>
<entry key="849" type="xstring" value="Nicaragua"/>
<entry key="850" type="xstring" value="“bound"/>
<entry key="851" type="xstring" value="strateg"/>
<entry key="852" type="xstring" value="emergen"/>
<entry key="853" type="xstring" value="field"/>
<entry key="854" type="xstring" value="phytosanitari"/>
<entry key="855" type="xstring" value="violat"/>
<entry key="856" type="xstring" value="throughout"/>
<entry key="857" type="xstring" value="lawless"/>
<entry key="858" type="xstring" value="bill"/>
<entry key="859" type="xstring" value="Party"/>
<entry key="860" type="xstring" value="Kharkov"/>
<entry key="861" type="xstring" value="settl"/>
<entry key="862" type="xstring" value="edg"/>
<entry key="863" type="xstring" value="Live"/>
<entry key="864" type="xstring" value="fear"/>
<entry key="865" type="xstring" value="republ"/>
<entry key="866" type="xstring" value="decid"/>
<entry key="867" type="xstring" value="CDC"/>
<entry key="868" type="xstring" value="Indiana"/>
<entry key="869" type="xstring" value="Schuchat"/>
<entry key="870" type="xstring" value="Arabian Peninsula"/>
<entry key="871" type="xstring" value="fever"/>
<entry key="872" type="xstring" value="risk"/>
<entry key="873" type="xstring" value="search"/>
<entry key="874" type="xstring" value="miss"/>
<entry key="875" type="xstring" value="370"/>
<entry key="876" type="xstring" value="Malaysia Airlines"/>
<entry key="877" type="xstring" value="Lumpur"/>
<entry key="878" type="xstring" value="Flight"/>
<entry key="879" type="xstring" value="MI5"/>
<entry key="880" type="xstring" value="Secret Service"/>
<entry key="881" type="xstring" value="intel"/>
<entry key="882" type="xstring" value="analyst"/>
<entry key="883" type="xstring" value="agre"/>
<entry key="884" type="xstring" value="ti"/>
<entry key="885" type="xstring" value="Najib"/>
<entry key="886" type="xstring" value="Stuart Grudgings"/>
<entry key="887" type="xstring" value="Editing"/>
<entry key="888" type="xstring" value="Write"/>
<entry key="889" type="xstring" value="Report"/>
<entry key="890" type="xstring" value="Mark Felsenthal"/>
<entry key="891" type="xstring" value="pact"/>
<entry key="892" type="xstring" value="domest"/>
<entry key="893" type="xstring" value="sensit"/>
<entry key="894" type="xstring" value="downtown"/>
<entry key="895" type="xstring" value="televis"/>
<entry key="896" type="xstring" value="torch"/>
<entry key="897" type="xstring" value="column"/>
<entry key="898" type="xstring" value="payment"/>
<entry key="899" type="xstring" value="system"/>
<entry key="900" type="xstring" value="MasterCard"/>
<entry key="901" type="xstring" value="probe"/>
<entry key="902" type="xstring" value="effect"/>
<entry key="903" type="xstring" value="gaug"/>
<entry key="904" type="xstring" value="anti-government"/>
<entry key="905" type="xstring" value="incid"/>
<entry key="906" type="xstring" value="assassin"/>
<entry key="907" type="xstring" value="“All"/>
<entry key="908" type="xstring" value="Crown"/>
<entry key="909" type="xstring" value="Princ"/>
<entry key="910" type="xstring" value="bin"/>
<entry key="911" type="xstring" value="Medvedev"/>
<entry key="912" type="xstring" value="take"/>
<entry key="913" type="xstring" value="land"/>
<entry key="914" type="xstring" value="capit"/>
<entry key="915" type="xstring" value="compromis"/>
<entry key="916" type="xstring" value="tabl"/>
<entry key="917" type="xstring" value="Foreign Ministry"/>
<entry key="918" type="xstring" value="conduct"/>
<entry key="919" type="xstring" value="Eastern Europe"/>
<entry key="920" type="xstring" value="Six"/>
<entry key="921" type="xstring" value="personnel"/>
<entry key="922" type="xstring" value="Defense"/>
<entry key="923" type="xstring" value="uncertain"/>
<entry key="924" type="xstring" value="Putler"/>
<entry key="925" type="xstring" value="comparison"/>
<entry key="926" type="xstring" value="40-foot"/>
<entry key="927" type="xstring" value="Czechoslovakia"/>
<entry key="928" type="xstring" value="Internet"/>
<entry key="929" type="xstring" value="Russia’s"/>
<entry key="930" type="xstring" value="Radio"/>
<entry key="931" type="xstring" value="Free"/>
<entry key="932" type="xstring" value="Soviet"/>
<entry key="933" type="xstring" value="imposs"/>
<entry key="934" type="xstring" value="tragic"/>
<entry key="935" type="xstring" value="leadership"/>
<entry key="936" type="xstring" value="rhetor"/>
<entry key="937" type="xstring" value="Hagel"/>
<entry key="938" type="xstring" value="help"/>
<entry key="939" type="xstring" value="attempt"/>
<entry key="940" type="xstring" value="emot"/>
<entry key="941" type="xstring" value="free"/>
<entry key="942" type="xstring" value="repeatedli"/>
<entry key="943" type="xstring" value="stop"/>
<entry key="944" type="xstring" value="recogn"/>
<entry key="945" type="xstring" value="studi"/>
<entry key="946" type="xstring" value="White"/>
<entry key="947" type="xstring" value="Ministri"/>
<entry key="948" type="xstring" value="European Council"/>
<entry key="949" type="xstring" value="mass"/>
<entry key="950" type="xstring" value="repress"/>
<entry key="951" type="xstring" value="bomb"/>
<entry key="952" type="xstring" value="check"/>
<entry key="953" type="xstring" value="Itar-Tass"/>
<entry key="954" type="xstring" value="Palomero"/>
<entry key="955" type="xstring" value="direct"/>
<entry key="956" type="xstring" value="aid"/>
<entry key="957" type="xstring" value="border"/>
<entry key="958" type="xstring" value="decis"/>
<entry key="959" type="xstring" value="reunif"/>
<entry key="960" type="xstring" value="Vershbow"/>
<entry key="961" type="xstring" value="Georgia"/>
<entry key="962" type="xstring" value="week"/>
<entry key="963" type="xstring" value="partner"/>
<entry key="964" type="xstring" value="site"/>
<entry key="965" type="xstring" value="Sterling"/>
<entry key="966" type="xstring" value="woman"/>
<entry key="967" type="xstring" value="NBA"/>
<entry key="968" type="xstring" value="player"/>
<entry key="969" type="xstring" value="Clippers"/>
<entry key="970" type="xstring" value="record"/>
<entry key="971" type="xstring" value="Stiviano"/>
<entry key="972" type="xstring" value="owner"/>
<entry key="973" type="xstring" value="leagu"/>
<entry key="974" type="xstring" value="dollar"/>
<entry key="975" type="xstring" value="Naftogaz"/>
<entry key="976" type="xstring" value="debt"/>
<entry key="977" type="xstring" value="requir"/>
<entry key="978" type="xstring" value="convoc"/>
<entry key="979" type="xstring" value="divis"/>
<entry key="980" type="xstring" value="SS"/>
<entry key="981" type="xstring" value="march"/>
<entry key="982" type="xstring" value="honor"/>
<entry key="983" type="xstring" value="Stepan"/>
<entry key="984" type="xstring" value="traffick"/>
<entry key="985" type="xstring" value="wrong"/>
<entry key="986" type="xstring" value="Daniel Ortega"/>
<entry key="987" type="xstring" value="pipelin"/>
<entry key="988" type="xstring" value="Keyston"/>
<entry key="989" type="xstring" value="foeu"/>
<entry key="990" type="xstring" value="test"/>
<entry key="991" type="xstring" value="Korean"/>
<entry key="992" type="xstring" value="peninsula"/>
<entry key="993" type="xstring" value="atom"/>
<entry key="994" type="xstring" value="North Korea"/>
<entry key="995" type="xstring" value="warn"/>
<entry key="996" type="xstring" value="deeper"/>
<entry key="997" type="xstring" value="Sobel"/>
<entry key="998" type="xstring" value="admir"/>
<entry key="999" type="xstring" value="aspect"/>
<entry key="1000" type="xstring" value="pride"/>
<entry key="1001" type="xstring" value="prestig"/>
<entry key="1002" type="xstring" value="revers"/>
<entry key="1003" type="xstring" value="Bratislava"/>
<entry key="1004" type="xstring" value="Slovakia"/>
<entry key="1005" type="xstring" value="meter"/>
<entry key="1006" type="xstring" value="cubic"/>
<entry key="1007" type="xstring" value="Bachishin"/>
<entry key="1008" type="xstring" value="Kernes"/>
<entry key="1009" type="xstring" value="Tsarev"/>
<entry key="1010" type="xstring" value="moment"/>
<entry key="1011" type="xstring" value="fuel"/>
<entry key="1012" type="xstring" value="reactor"/>
<entry key="1013" type="xstring" value="plant"/>
<entry key="1014" type="xstring" value="IAEA"/>
<entry key="1015" type="xstring" value="Eskin"/>
<entry key="1016" type="xstring" value="Chairman-in-Office"/>
<entry key="1017" type="xstring" value="Burkhalt"/>
<entry key="1018" type="xstring" value="Didier"/>
<entry key="1019" type="xstring" value="Swiss"/>
<entry key="1020" type="xstring" value="monitor"/>
<entry key="1021" type="xstring" value="hostag"/>
<entry key="1022" type="xstring" value="Vyacheslav Ponomarev"/>
<entry key="1023" type="xstring" value="feder"/>
<entry key="1024" type="xstring" value="Zannier"/>
<entry key="1025" type="xstring" value="Belgrade"/>
<entry key="1026" type="xstring" value="terror"/>
<entry key="1027" type="xstring" value="“The"/>
<entry key="1028" type="xstring" value="half"/>
<entry key="1029" type="xstring" value="counter-terrorism"/>
<entry key="1030" type="xstring" value="Serbian"/>
<entry key="1031" type="xstring" value="Ponomarev"/>
<entry key="1032" type="xstring" value="map"/>
<entry key="1033" type="xstring" value="exchang"/>
<entry key="1034" type="xstring" value="hand"/>
<entry key="1035" type="xstring" value="Vladimir Lukin"/>
<entry key="1036" type="xstring" value="Lamberto"/>
<entry key="1037" type="xstring" value="alleg"/>
<entry key="1038" type="xstring" value="de-escalation"/>
<entry key="1039" type="xstring" value="Luhansk"/>
<entry key="1040" type="xstring" value="particularli"/>
<entry key="1041" type="xstring" value="see"/>
<entry key="1042" type="xstring" value="America"/>
<entry key="1043" type="xstring" value="fail"/>
<entry key="1044" type="xstring" value="simpli"/>
<entry key="1045" type="xstring" value="Chancellor"/>
<entry key="1046" type="xstring" value="closest"/>
<entry key="1047" type="xstring" value="TTIP"/>
<entry key="1048" type="xstring" value="partnership"/>
<entry key="1049" type="xstring" value="move"/>
<entry key="1050" type="xstring" value="imped"/>
<entry key="1051" type="xstring" value="Myanmar"/>
<entry key="1052" type="xstring" value="minor"/>
<entry key="1053" type="xstring" value="Muslim"/>
<entry key="1054" type="xstring" value="popul"/>
<entry key="1055" type="xstring" value="oppress"/>
<entry key="1056" type="xstring" value="succe"/>
<entry key="1057" type="xstring" value="CBS News"/>
<entry key="1058" type="xstring" value="Asian"/>
<entry key="1059" type="xstring" value="island"/>
<entry key="1060" type="xstring" value="reassur"/>
<entry key="1061" type="xstring" value="Filipino"/>
<entry key="1062" type="xstring" value="cemeteri"/>
<entry key="1063" type="xstring" value="defend"/>
<entry key="1064" type="xstring" value="Australia"/>
<entry key="1065" type="xstring" value="Ocean"/>
<entry key="1066" type="xstring" value="joint"/>
<entry key="1067" type="xstring" value="Manila"/>
<entry key="1068" type="xstring" value="maritim"/>
<entry key="1069" type="xstring" value="robot"/>
<entry key="1070" type="xstring" value="soccer"/>
<entry key="1071" type="xstring" value="interact"/>
<entry key="1072" type="xstring" value="Innovat"/>
<entry key="1073" type="xstring" value="Museum of Emerging Science"/>
<entry key="1074" type="xstring" value="Abe"/>
<entry key="1075" type="xstring" value="US-Japan"/>
<entry key="1076" type="xstring" value="world"/>
<entry key="1077" type="xstring" value="individu"/>
<entry key="1078" type="xstring" value="don’t"/>
<entry key="1079" type="xstring" value="speak"/>
<entry key="1080" type="xstring" value="stori"/>
<entry key="1081" type="xstring" value="Amb"/>
<entry key="1082" type="xstring" value="Pre"/>
<entry key="1083" type="xstring" value="Stephen Sestanovich"/>
<entry key="1084" type="xstring" value="former"/>
<entry key="1085" type="xstring" value="Thomas Pickering"/>
<entry key="1086" type="xstring" value="evalu"/>
<entry key="1087" type="xstring" value="Player"/>
<entry key="1088" type="xstring" value="Observer"/>
<entry key="1089" type="xstring" value="front"/>
<entry key="1090" type="xstring" value="Nick Paton Walsh"/>
<entry key="1091" type="xstring" value="precis"/>
<entry key="1092" type="xstring" value="run"/>
<entry key="1093" type="xstring" value="Occupat"/>
<entry key="1094" type="xstring" value="wherea"/>
<entry key="1095" type="xstring" value="possibl"/>
<entry key="1096" type="xstring" value="particip"/>
<entry key="1097" type="xstring" value="audienc"/>
<entry key="1098" type="xstring" value="major"/>
<entry key="1099" type="xstring" value="Shiit"/>
<entry key="1100" type="xstring" value="Arab"/>
<entry key="1101" type="xstring" value="al-Maliki"/>
<entry key="1102" type="xstring" value="earlier"/>
<entry key="1103" type="xstring" value="technocrat"/>
<entry key="1104" type="xstring" value="understand"/>
<entry key="1105" type="xstring" value="consolid"/>
<entry key="1106" type="xstring" value="vote"/>
<entry key="1107" type="xstring" value="parliam"/>
<entry key="1108" type="xstring" value="Pentagon"/>
<entry key="1109" type="xstring" value="chief"/>
<entry key="1110" type="xstring" value="renew"/>
<entry key="1111" type="xstring" value="engin"/>
<entry key="1112" type="xstring" value="court"/>
<entry key="1113" type="xstring" value="SpaceX"/>
<entry key="1114" type="xstring" value="freed"/>
<entry key="1115" type="xstring" value="Perepechayenko"/>
<entry key="1116" type="xstring" value="People’s"/>
<entry key="1117" type="xstring" value="task"/>
<entry key="1118" type="xstring" value="self-defence"/>
<entry key="1119" type="xstring" value="Gorlovka"/>
<entry key="1120" type="xstring" value="Peru’s"/>
<entry key="1121" type="xstring" value="Peruvian"/>
<entry key="1122" type="xstring" value="Lima"/>
<entry key="1123" type="xstring" value="Eda Rivas"/>
<entry key="1124" type="xstring" value="zone"/>
<entry key="1125" type="xstring" value="experi"/>
<entry key="1126" type="xstring" value="closer"/>
<entry key="1127" type="xstring" value="Customs Union"/>
<entry key="1128" type="xstring" value="conveni"/>
<entry key="1129" type="xstring" value="posit"/>
<entry key="1130" type="xstring" value="prove"/>
<entry key="1131" type="xstring" value="justifi"/>
<entry key="1132" type="xstring" value="game"/>
<entry key="1133" type="xstring" value="South"/>
<entry key="1134" type="xstring" value="main"/>
<entry key="1135" type="xstring" value="Philippin"/>
<entry key="1136" type="xstring" value="base"/>
<entry key="1137" type="xstring" value="five"/>
<entry key="1138" type="xstring" value="nor"/>
<entry key="1139" type="xstring" value="2015"/>
<entry key="1140" type="xstring" value="Ternopol"/>
<entry key="1141" type="xstring" value="“Ukraine"/>
<entry key="1142" type="xstring" value="journalist"/>
<entry key="1143" type="xstring" value="Clampdown"/>
<entry key="1144" type="xstring" value="Stop"/>
<entry key="1145" type="xstring" value="quickli"/>
<entry key="1146" type="xstring" value="control"/>
<entry key="1147" type="xstring" value="Molotov"/>
<entry key="1148" type="xstring" value="gain"/>
<entry key="1149" type="xstring" value="milit"/>
<entry key="1150" type="xstring" value="clash"/>
<entry key="1151" type="xstring" value="Pershotravinsk"/>
<entry key="1152" type="xstring" value="Ukrainian%%00010  Security Service"/>
<entry key="1153" type="xstring" value="Central Television"/>
<entry key="1154" type="xstring" value="appoint"/>
<entry key="1155" type="xstring" value="lai"/>
<entry key="1156" type="xstring" value="Tihipko"/>
<entry key="1157" type="xstring" value="anymor"/>
<entry key="1158" type="xstring" value="convers"/>
<entry key="1159" type="xstring" value="method"/>
<entry key="1160" type="xstring" value="break"/>
<entry key="1161" type="xstring" value="sale"/>
<entry key="1162" type="xstring" value="“anti-terrorist"/>
<entry key="1163" type="xstring" value="improv"/>
<entry key="1164" type="xstring" value="intensifi"/>
<entry key="1165" type="xstring" value="King"/>
<entry key="1166" type="xstring" value="respect"/>
<entry key="1167" type="xstring" value="Kremlin"/>
<entry key="1168" type="xstring" value="Renzi"/>
<entry key="1169" type="xstring" value="appli"/>
<entry key="1170" type="xstring" value="Kazakhstan"/>
<entry key="1171" type="xstring" value="Eurasian Economic Union Treaty"/>
<entry key="1172" type="xstring" value="address"/>
<entry key="1173" type="xstring" value="Nursultan"/>
<entry key="1174" type="xstring" value="confid"/>
<entry key="1175" type="xstring" value="insid"/>
<entry key="1176" type="xstring" value="instructor"/>
<entry key="1177" type="xstring" value="creat"/>
<entry key="1178" type="xstring" value="publish"/>
<entry key="1179" type="xstring" value="black"/>
<entry key="1180" type="xstring" value="despit"/>
<entry key="1181" type="xstring" value="fly"/>
<entry key="1182" type="xstring" value="British"/>
<entry key="1183" type="xstring" value="prosecutor"/>
<entry key="1184" type="xstring" value="fault"/>
<entry key="1185" type="xstring" value="repriev"/>
<entry key="1186" type="xstring" value="critic"/>
<entry key="1187" type="xstring" value="Navalni"/>
<entry key="1188" type="xstring" value="rule"/>
<entry key="1189" type="xstring" value="trial"/>
<entry key="1190" type="xstring" value="behalf"/>
<entry key="1191" type="xstring" value="Eurasian"/>
<entry key="1192" type="xstring" value="integr"/>
<entry key="1193" type="xstring" value="Supreme Eurasian Council"/>
<entry key="1194" type="xstring" value="Belarusian"/>
<entry key="1195" type="xstring" value="casualti"/>
<entry key="1196" type="xstring" value="condol"/>
<entry key="1197" type="xstring" value="landslid"/>
<entry key="1198" type="xstring" value="connect"/>
<entry key="1199" type="xstring" value="recoveri"/>
<entry key="1200" type="xstring" value="speedi"/>
<entry key="1201" type="xstring" value="wish"/>
<entry key="1202" type="xstring" value="aliv"/>
<entry key="1203" type="xstring" value="deep"/>
<entry key="1204" type="xstring" value="arrest"/>
<entry key="1205" type="xstring" value="detent"/>
<entry key="1206" type="xstring" value="hous"/>
<entry key="1207" type="xstring" value="foe"/>
<entry key="1208" type="xstring" value="blog"/>
<entry key="1209" type="xstring" value="LiveJourn"/>
<entry key="1210" type="xstring" value="seen"/>
<entry key="1211" type="xstring" value="cultur"/>
<entry key="1212" type="xstring" value="soft"/>
<entry key="1213" type="xstring" value="tradit"/>
<entry key="1214" type="xstring" value="Tolstoi"/>
<entry key="1215" type="xstring" value="consumpt"/>
<entry key="1216" type="xstring" value="introduct"/>
<entry key="1217" type="xstring" value="social"/>
<entry key="1218" type="xstring" value="norm"/>
<entry key="1219" type="xstring" value="electr"/>
<entry key="1220" type="xstring" value="natur"/>
<entry key="1221" type="xstring" value="Czech"/>
<entry key="1222" type="xstring" value="Kalevala"/>
<entry key="1223" type="xstring" value="woodwork"/>
<entry key="1224" type="xstring" value="southeastern"/>
<entry key="1225" type="xstring" value="Common Economic Space"/>
<entry key="1226" type="xstring" value="common"/>
<entry key="1227" type="xstring" value="ambassador"/>
<entry key="1228" type="xstring" value="Peninsula"/>
<entry key="1229" type="xstring" value="modern"/>
<entry key="1230" type="xstring" value="Jinp"/>
<entry key="1231" type="xstring" value="democrat"/>
<entry key="1232" type="xstring" value="result"/>
<entry key="1233" type="xstring" value="Pushkov"/>
<entry key="1234" type="xstring" value="poll"/>
<entry key="1235" type="xstring" value="aviat"/>
<entry key="1236" type="xstring" value="train"/>
<entry key="1237" type="xstring" value="helicopt"/>
<entry key="1238" type="xstring" value="Rehears"/>
<entry key="1239" type="xstring" value="Defense Department"/>
<entry key="1240" type="xstring" value="sexual"/>
<entry key="1241" type="xstring" value="section"/>
<entry key="1242" type="xstring" value="late"/>
<entry key="1243" type="xstring" value="White Book"/>
<entry key="1244" type="xstring" value="goal"/>
<entry key="1245" type="xstring" value="senat"/>
<entry key="1246" type="xstring" value="Rosneft"/>
<entry key="1247" type="xstring" value="Arctic"/>
<entry key="1248" type="xstring" value="Black Sea"/>
<entry key="1249" type="xstring" value="ExxonMobil"/>
<entry key="1250" type="xstring" value="LNG"/>
<entry key="1251" type="xstring" value="bcm"/>
<entry key="1252" type="xstring" value="growth"/>
<entry key="1253" type="xstring" value="Compani"/>
<entry key="1254" type="xstring" value="Grib"/>
<entry key="1255" type="xstring" value="Chamber"/>
<entry key="1256" type="xstring" value="Civic"/>
<entry key="1257" type="xstring" value="appeal"/>
<entry key="1258" type="xstring" value="dialog"/>
<entry key="1259" type="xstring" value="Middle East"/>
<entry key="1260" type="xstring" value="broad"/>
<entry key="1261" type="xstring" value="North Africa"/>
<entry key="1262" type="xstring" value="peacefulli"/>
<entry key="1263" type="xstring" value="Johanson"/>
<entry key="1264" type="xstring" value="organization’s"/>
<entry key="1265" type="xstring" value="Tehran"/>
<entry key="1266" type="xstring" value="deal"/>
<entry key="1267" type="xstring" value="Mehr"/>
<entry key="1268" type="xstring" value="Bassil"/>
<entry key="1269" type="xstring" value="lawsuit"/>
<entry key="1270" type="xstring" value="baseless"/>
<entry key="1271" type="xstring" value="disarma"/>
<entry key="1272" type="xstring" value="technologi"/>
<entry key="1273" type="xstring" value="military-technical"/>
<entry key="1274" type="xstring" value="scienc"/>
<entry key="1275" type="xstring" value="Russian Energy Ministry"/>
<entry key="1276" type="xstring" value="Energy"/>
<entry key="1277" type="xstring" value="sold"/>
<entry key="1278" type="xstring" value="price"/>
<entry key="1279" type="xstring" value="1000"/>
<entry key="1280" type="xstring" value="discount"/>
<entry key="1281" type="xstring" value="Titov"/>
<entry key="1282" type="xstring" value="invest"/>
<entry key="1283" type="xstring" value="role"/>
<entry key="1284" type="xstring" value="abl"/>
<entry key="1285" type="xstring" value="persuad"/>
<entry key="1286" type="xstring" value="burn"/>
<entry key="1287" type="xstring" value="“unarmed"/>
<entry key="1288" type="xstring" value="delai"/>
<entry key="1289" type="xstring" value="minut"/>
<entry key="1290" type="xstring" value="Thomson"/>
<entry key="1291" type="xstring" value="quot"/>
<entry key="1292" type="xstring" value="WTO"/>
<entry key="1293" type="xstring" value="transmiss"/>
<entry key="1294" type="xstring" value="Agreement"/>
<entry key="1295" type="xstring" value="measur"/>
<entry key="1296" type="xstring" value="Repres"/>
<entry key="1297" type="xstring" value="settlem"/>
<entry key="1298" type="xstring" value="United Nations"/>
<entry key="1299" type="xstring" value="gunship"/>
<entry key="1300" type="xstring" value="Shoigu"/>
<entry key="1301" type="xstring" value="start"/>
<entry key="1302" type="xstring" value="Federation Council"/>
<entry key="1303" type="xstring" value="State Duma"/>
<entry key="1304" type="xstring" value="bodi"/>
<entry key="1305" type="xstring" value="blockad"/>
<entry key="1306" type="xstring" value="commerci"/>
<entry key="1307" type="xstring" value="damag"/>
<entry key="1308" type="xstring" value="mainten"/>
<entry key="1309" type="xstring" value="embargo"/>
<entry key="1310" type="xstring" value="member-states"/>
<entry key="1311" type="xstring" value="deleg"/>
<entry key="1312" type="xstring" value="spent"/>
<entry key="1313" type="xstring" value="Energoatom"/>
<entry key="1314" type="xstring" value="ITAR-TASS"/>
<entry key="1315" type="xstring" value="principl"/>
<entry key="1316" type="xstring" value="basi"/>
<entry key="1317" type="xstring" value="“must"/>
<entry key="1318" type="xstring" value="envoi"/>
<entry key="1319" type="xstring" value="lawyer"/>
<entry key="1320" type="xstring" value="health"/>
<entry key="1321" type="xstring" value="Yaroshenko"/>
<entry key="1322" type="xstring" value="Foreign Ministry’s"/>
<entry key="1323" type="xstring" value="doctor"/>
<entry key="1324" type="xstring" value="Dolgov"/>
<entry key="1325" type="xstring" value="resum"/>
<entry key="1326" type="xstring" value="withdraw"/>
<entry key="1327" type="xstring" value="summer"/>
<entry key="1328" type="xstring" value="store"/>
<entry key="1329" type="xstring" value="exercis"/>
<entry key="1330" type="xstring" value="specialist"/>
<entry key="1331" type="xstring" value="complex"/>
<entry key="1332" type="xstring" value="“You"/>
<entry key="1333" type="xstring" value="volunt"/>
<entry key="1334" type="xstring" value="disast"/>
<entry key="1335" type="xstring" value="procedur"/>
<entry key="1336" type="xstring" value="citizenship"/>
<entry key="1337" type="xstring" value="notic"/>
<entry key="1338" type="xstring" value="passport"/>
<entry key="1339" type="xstring" value="Ryabkov"/>
<entry key="1340" type="xstring" value="repeat"/>
<entry key="1341" type="xstring" value="name"/>
<entry key="1342" type="xstring" value="shortag"/>
<entry key="1343" type="xstring" value="Nikolai Fyodorov"/>
<entry key="1344" type="xstring" value="restrict"/>
<entry key="1345" type="xstring" value="process"/>
<entry key="1346" type="xstring" value="patriot"/>
<entry key="1347" type="xstring" value="note"/>
<entry key="1348" type="xstring" value="Third Energy Package"/>
<entry key="1349" type="xstring" value="Third Energy"/>
<entry key="1350" type="xstring" value="Packag"/>
<entry key="1351" type="xstring" value="legitim"/>
<entry key="1352" type="xstring" value="Naryshkin"/>
<entry key="1353" type="xstring" value="anti-Russian"/>
<entry key="1354" type="xstring" value="International Investment Bank’s"/>
<entry key="1355" type="xstring" value="bank’s"/>
<entry key="1356" type="xstring" value="euro"/>
<entry key="1357" type="xstring" value="increas"/>
<entry key="1358" type="xstring" value="belliger"/>
<entry key="1359" type="xstring" value="intimid"/>
<entry key="1360" type="xstring" value="bloodsh"/>
<entry key="1361" type="xstring" value="reaffirm"/>
<entry key="1362" type="xstring" value="“Bearing"/>
<entry key="1363" type="xstring" value="France"/>
<entry key="1364" type="xstring" value="blood"/>
<entry key="1365" type="xstring" value="non-proliferation"/>
<entry key="1366" type="xstring" value="Memorandum"/>
<entry key="1367" type="xstring" value="Budapest"/>
<entry key="1368" type="xstring" value="NPT"/>
<entry key="1369" type="xstring" value="legisl"/>
<entry key="1370" type="xstring" value="tighten"/>
<entry key="1371" type="xstring" value="won"/>
<entry key="1372" type="xstring" value="Mory"/>
<entry key="1373" type="xstring" value="shipbuild"/>
<entry key="1374" type="xstring" value="avoid"/>
<entry key="1375" type="xstring" value="Feodosia"/>
<entry key="1376" type="xstring" value="impetu"/>
<entry key="1377" type="xstring" value="Lukashenko"/>
<entry key="1378" type="xstring" value="coup"/>
<entry key="1379" type="xstring" value="sens"/>
<entry key="1380" type="xstring" value="on"/>
<entry key="1381" type="xstring" value="form"/>
<entry key="1382" type="xstring" value="forward"/>
<entry key="1383" type="xstring" value="unfriendli"/>
<entry key="1384" type="xstring" value="nationwid"/>
<entry key="1385" type="xstring" value="Organis"/>
<entry key="1386" type="xstring" value="“including"/>
<entry key="1387" type="xstring" value="ag"/>
<entry key="1388" type="xstring" value="suitabl"/>
<entry key="1389" type="xstring" value="contain"/>
<entry key="1390" type="xstring" value="user"/>
<entry key="1391" type="xstring" value="Beta-version"/>
<entry key="1392" type="xstring" value="phonei"/>
<entry key="1393" type="xstring" value="guarante"/>
<entry key="1394" type="xstring" value="act"/>
<entry key="1395" type="xstring" value="Lebanes"/>
<entry key="1396" type="xstring" value="freedom"/>
<entry key="1397" type="xstring" value="Dunja"/>
<entry key="1398" type="xstring" value="affect"/>
<entry key="1399" type="xstring" value="billionair"/>
<entry key="1400" type="xstring" value="PACE"/>
<entry key="1401" type="xstring" value="resolut"/>
<entry key="1402" type="xstring" value="abstain"/>
<entry key="1403" type="xstring" value="cast"/>
<entry key="1404" type="xstring" value="basic"/>
<entry key="1405" type="xstring" value="warfar"/>
<entry key="1406" type="xstring" value="speech"/>
<entry key="1407" type="xstring" value="repai"/>
<entry key="1408" type="xstring" value="suspect"/>
<entry key="1409" type="xstring" value="provinc"/>
<entry key="1410" type="xstring" value="North Caucasus"/>
<entry key="1411" type="xstring" value="Dagestan"/>
<entry key="1412" type="xstring" value="home"/>
<entry key="1413" type="xstring" value="subsoil"/>
<entry key="1414" type="xstring" value="Khandinski"/>
<entry key="1415" type="xstring" value="transport"/>
<entry key="1416" type="xstring" value="subsidi"/>
<entry key="1417" type="xstring" value="provid"/>
<entry key="1418" type="xstring" value="target"/>
<entry key="1419" type="xstring" value="grant"/>
<entry key="1420" type="xstring" value="inflat"/>
<entry key="1421" type="xstring" value="year-end"/>
<entry key="1422" type="xstring" value="probabl"/>
<entry key="1423" type="xstring" value="annual"/>
<entry key="1424" type="xstring" value="forecast"/>
<entry key="1425" type="xstring" value="climat"/>
<entry key="1426" type="xstring" value="consum"/>
<entry key="1427" type="xstring" value="KAMAZ"/>
<entry key="1428" type="xstring" value="pai"/>
<entry key="1429" type="xstring" value="GPS"/>
<entry key="1430" type="xstring" value="pilot"/>
<entry key="1431" type="xstring" value="flight"/>
<entry key="1432" type="xstring" value="reappear"/>
<entry key="1433" type="xstring" value="Carlisl"/>
<entry key="1434" type="xstring" value="Guam"/>
<entry key="1435" type="xstring" value="signific"/>
<entry key="1436" type="xstring" value="California"/>
<entry key="1437" type="xstring" value="compel"/>
<entry key="1438" type="xstring" value="permit"/>
<entry key="1439" type="xstring" value="passeng"/>
<entry key="1440" type="xstring" value="deni"/>
<entry key="1441" type="xstring" value="resolv"/>
<entry key="1442" type="xstring" value="volum"/>
<entry key="1443" type="xstring" value="Sheremet"/>
<entry key="1444" type="xstring" value="exampl"/>
<entry key="1445" type="xstring" value="ultra-nationalists"/>
<entry key="1446" type="xstring" value="window"/>
<entry key="1447" type="xstring" value="inter-ethnic"/>
<entry key="1448" type="xstring" value="Aeroflot"/>
<entry key="1449" type="xstring" value="Simferopol"/>
<entry key="1450" type="xstring" value="air"/>
<entry key="1451" type="xstring" value="CBR"/>
<entry key="1452" type="xstring" value="Moscow National Bank of Business Development"/>
<entry key="1453" type="xstring" value="National Bank of Business Development"/>
<entry key="1454" type="xstring" value="fund"/>
<entry key="1455" type="xstring" value="placem"/>
<entry key="1456" type="xstring" value="Mestni"/>
<entry key="1457" type="xstring" value="revok"/>
<entry key="1458" type="xstring" value="reform"/>
<entry key="1459" type="xstring" value="gasolin"/>
<entry key="1460" type="xstring" value="ratio"/>
<entry key="1461" type="xstring" value="level"/>
<entry key="1462" type="xstring" value="Rosaviatsia"/>
<entry key="1463" type="xstring" value="navig"/>
<entry key="1464" type="xstring" value="carrier"/>
<entry key="1465" type="xstring" value="watchdog’s"/>
<entry key="1466" type="xstring" value="rate"/>
<entry key="1467" type="xstring" value="unemploy"/>
<entry key="1468" type="xstring" value="leveled-up"/>
<entry key="1469" type="xstring" value="START"/>
<entry key="1470" type="xstring" value="Treati"/>
<entry key="1471" type="xstring" value="2010"/>
<entry key="1472" type="xstring" value="amid"/>
<entry key="1473" type="xstring" value="attract"/>
<entry key="1474" type="xstring" value="vision"/>
<entry key="1475" type="xstring" value="extrem"/>
<entry key="1476" type="xstring" value="difficult"/>
<entry key="1477" type="xstring" value="n’t"/>
<entry key="1478" type="xstring" value="provoc"/>
<entry key="1479" type="xstring" value="beg"/>
<entry key="1480" type="xstring" value="bu"/>
<entry key="1481" type="xstring" value="“is"/>
<entry key="1482" type="xstring" value="Separatist"/>
<entry key="1483" type="xstring" value="Baltacha"/>
<entry key="1484" type="xstring" value="English"/>
<entry key="1485" type="xstring" value="Cup"/>
<entry key="1486" type="xstring" value="Championship"/>
<entry key="1487" type="xstring" value="Ministry of Foreign Affairs"/>
<entry key="1488" type="xstring" value="Defenc"/>
<entry key="1489" type="xstring" value="Wolv"/>
<entry key="1490" type="xstring" value="claim"/>
<entry key="1491" type="xstring" value="Moral"/>
<entry key="1492" type="xstring" value="Stultif"/>
<entry key="1493" type="xstring" value="massacr"/>
<entry key="1494" type="xstring" value="sovereignti"/>
<entry key="1495" type="xstring" value="legitimaci"/>
<entry key="1496" type="xstring" value="Zabaikaly"/>
<entry key="1497" type="xstring" value="danger"/>
<entry key="1498" type="xstring" value="Interior Ministry"/>
<entry key="1499" type="xstring" value="specifi"/>
<entry key="1500" type="xstring" value="Eustream"/>
<entry key="1501" type="xstring" value="metr"/>
<entry key="1502" type="xstring" value="liabl"/>
<entry key="1503" type="xstring" value="snow"/>
<entry key="1504" type="xstring" value="wind"/>
<entry key="1505" type="xstring" value="weather"/>
<entry key="1506" type="xstring" value="residenti"/>
<entry key="1507" type="xstring" value="Chelyabinsk"/>
<entry key="1508" type="xstring" value="Emergencies Ministry"/>
<entry key="1509" type="xstring" value="Seoul"/>
<entry key="1510" type="xstring" value="warplan"/>
<entry key="1511" type="xstring" value="armour"/>
<entry key="1512" type="xstring" value="night"/>
<entry key="1513" type="xstring" value="occupi"/>
<entry key="1514" type="xstring" value="Support"/>
<entry key="1515" type="xstring" value="remain"/>
<entry key="1516" type="xstring" value="advanc"/>
<entry key="1517" type="xstring" value="coordin"/>
<entry key="1518" type="xstring" value="Damascu"/>
<entry key="1519" type="xstring" value="besieg"/>
<entry key="1520" type="xstring" value="Security Council"/>
<entry key="1521" type="xstring" value="escal"/>
<entry key="1522" type="xstring" value="autonomi"/>
<entry key="1523" type="xstring" value="Timoshenko"/>
<entry key="1524" type="xstring" value="Poroshenko"/>
<entry key="1525" type="xstring" value="Russian Defence Ministry"/>
<entry key="1526" type="xstring" value="Siberia’s"/>
<entry key="1527" type="xstring" value="arsen"/>
<entry key="1528" type="xstring" value="1994"/>
<entry key="1529" type="xstring" value="Haq"/>
<entry key="1530" type="xstring" value="Agenc"/>
<entry key="1531" type="xstring" value="mediat"/>
<entry key="1532" type="xstring" value="Ban’s"/>
<entry key="1533" type="xstring" value="peacekeep"/>
<entry key="1534" type="xstring" value="unrealist"/>
<entry key="1535" type="xstring" value="implem"/>
<entry key="1536" type="xstring" value="frontlin"/>
<entry key="1537" type="xstring" value="US Ambassador"/>
<entry key="1538" type="xstring" value="job"/>
<entry key="1539" type="xstring" value="Michael McFaul"/>
<entry key="1540" type="xstring" value="post"/>
<entry key="1541" type="xstring" value="Former"/>
<entry key="1542" type="xstring" value="MrChurkin"/>
<entry key="1543" type="xstring" value="nerv"/>
<entry key="1544" type="xstring" value="try"/>
<entry key="1545" type="xstring" value="compar"/>
<entry key="1546" type="xstring" value="Donald Tusk"/>
<entry key="1547" type="xstring" value="intervent"/>
<entry key="1548" type="xstring" value="entiti"/>
<entry key="1549" type="xstring" value="Psaki"/>
<entry key="1550" type="xstring" value="follow"/>
<entry key="1551" type="xstring" value="Chilean"/>
<entry key="1552" type="xstring" value="question"/>
<entry key="1553" type="xstring" value="Chile’s"/>
<entry key="1554" type="xstring" value="vice"/>
<entry key="1555" type="xstring" value="spend"/>
<entry key="1556" type="xstring" value="quarter"/>
<entry key="1557" type="xstring" value="grow"/>
<entry key="1558" type="xstring" value="pace"/>
<entry key="1559" type="xstring" value="expand"/>
<entry key="1560" type="xstring" value="undermin"/>
<entry key="1561" type="xstring" value="think"/>
<entry key="1562" type="xstring" value="“At"/>
<entry key="1563" type="xstring" value="stun"/>
<entry key="1564" type="xstring" value="politician"/>
<entry key="1565" type="xstring" value="let’s"/>
<entry key="1566" type="xstring" value="get"/>
<entry key="1567" type="xstring" value="voter"/>
<entry key="1568" type="xstring" value="extremist"/>
<entry key="1569" type="xstring" value="commit"/>
<entry key="1570" type="xstring" value="entir"/>
<entry key="1571" type="xstring" value="atroc"/>
<entry key="1572" type="xstring" value="purpos"/>
<entry key="1573" type="xstring" value="facto"/>
<entry key="1574" type="xstring" value="seven"/>
<entry key="1575" type="xstring" value="Bank"/>
<entry key="1576" type="xstring" value="Rossiya"/>
<entry key="1577" type="xstring" value="messag"/>
<entry key="1578" type="xstring" value="Latvia"/>
<entry key="1579" type="xstring" value="“anti-terror"/>
<entry key="1580" type="xstring" value="leav"/>
<entry key="1581" type="xstring" value="confront"/>
<entry key="1582" type="xstring" value="Vienna"/>
<entry key="1583" type="xstring" value="pro-federalization"/>
<entry key="1584" type="xstring" value="transit"/>
<entry key="1585" type="xstring" value="storag"/>
<entry key="1586" type="xstring" value="underground"/>
<entry key="1587" type="xstring" value="miner"/>
<entry key="1588" type="xstring" value="coal"/>
<entry key="1589" type="xstring" value="industri"/>
<entry key="1590" type="xstring" value="strike"/>
<entry key="1591" type="xstring" value="guard"/>
<entry key="1592" type="xstring" value="Voic"/>
<entry key="1593" type="xstring" value="turmoil"/>
<entry key="1594" type="xstring" value="Pro-Ukrainian"/>
<entry key="1595" type="xstring" value="al"/>
<entry key="1596" type="xstring" value="burden"/>
<entry key="1597" type="xstring" value="movem"/>
<entry key="1598" type="xstring" value="persona"/>
<entry key="1599" type="xstring" value="naval"/>
<entry key="1600" type="xstring" value="“Ukraine’s"/>
<entry key="1601" type="xstring" value="spot"/>
<entry key="1602" type="xstring" value="refus"/>
<entry key="1603" type="xstring" value="deliveri"/>
<entry key="1604" type="xstring" value="turbin"/>
<entry key="1605" type="xstring" value="Manturov"/>
<entry key="1606" type="xstring" value="fall"/>
<entry key="1607" type="xstring" value="federalis"/>
<entry key="1608" type="xstring" value="geopolit"/>
<entry key="1609" type="xstring" value="unrest"/>
<entry key="1610" type="xstring" value="becom"/>
<entry key="1611" type="xstring" value="receiv"/>
<entry key="1612" type="xstring" value="resid"/>
<entry key="1613" type="xstring" value="upper"/>
<entry key="1614" type="xstring" value="BLACKSEAFOR"/>
<entry key="1615" type="xstring" value="2001"/>
<entry key="1616" type="xstring" value="enterpris"/>
<entry key="1617" type="xstring" value="uniti"/>
<entry key="1618" type="xstring" value="demonstr"/>
<entry key="1619" type="xstring" value="invad"/>
<entry key="1620" type="xstring" value="fals"/>
<entry key="1621" type="xstring" value="impress"/>
<entry key="1622" type="xstring" value="Trade"/>
<entry key="1623" type="xstring" value="complaint"/>
<entry key="1624" type="xstring" value="pro-autonomy"/>
<entry key="1625" type="xstring" value="reverse-flow"/>
<entry key="1626" type="xstring" value="reinforc"/>
<entry key="1627" type="xstring" value="Schneider"/>
<entry key="1628" type="xstring" value="provinci"/>
<entry key="1629" type="xstring" value="import"/>
<entry key="1630" type="xstring" value="beyond"/>
<entry key="1631" type="xstring" value="Yarosh"/>
<entry key="1632" type="xstring" value="secret"/>
<entry key="1633" type="xstring" value="branch"/>
<entry key="1634" type="xstring" value="Privatbank"/>
<entry key="1635" type="xstring" value="largest"/>
<entry key="1636" type="xstring" value="World Bank"/>
<entry key="1637" type="xstring" value="infrastructur"/>
<entry key="1638" type="xstring" value="viabl"/>
<entry key="1639" type="xstring" value="data"/>
<entry key="1640" type="xstring" value="overal"/>
<entry key="1641" type="xstring" value="Novak"/>
<entry key="1642" type="xstring" value="failur"/>
<entry key="1643" type="xstring" value="“On"/>
<entry key="1644" type="xstring" value="thereof"/>
<entry key="1645" type="xstring" value="termin"/>
<entry key="1646" type="xstring" value="Court’s"/>
<entry key="1647" type="xstring" value="Russian Constitutional Court"/>
<entry key="1648" type="xstring" value="arbitr"/>
<entry key="1649" type="xstring" value="Energy Ministry"/>
<entry key="1650" type="xstring" value="Interior Ministry’s"/>
<entry key="1651" type="xstring" value="wer"/>
<entry key="1652" type="xstring" value="fourteen"/>
<entry key="1653" type="xstring" value="depart"/>
<entry key="1654" type="xstring" value="occur"/>
<entry key="1655" type="xstring" value="Arsen Avakov"/>
<entry key="1656" type="xstring" value="dismiss"/>
<entry key="1657" type="xstring" value="Turchinov"/>
<entry key="1658" type="xstring" value="condemn"/>
<entry key="1659" type="xstring" value="Danylo Lubkivsky"/>
<entry key="1660" type="xstring" value="taker"/>
<entry key="1661" type="xstring" value="Ukranian"/>
<entry key="1662" type="xstring" value="Switzerland"/>
<entry key="1663" type="xstring" value="acut"/>
<entry key="1664" type="xstring" value="oligarch"/>
<entry key="1665" type="xstring" value="Dneptropetrovsk"/>
<entry key="1666" type="xstring" value="object"/>
<entry key="1667" type="xstring" value="wound"/>
<entry key="1668" type="xstring" value="hospit"/>
<entry key="1669" type="xstring" value="stai"/>
<entry key="1670" type="xstring" value="machin"/>
<entry key="1671" type="xstring" value="gun"/>
<entry key="1672" type="xstring" value="camera"/>
<entry key="1673" type="xstring" value="di"/>
<entry key="1674" type="xstring" value="slogan"/>
<entry key="1675" type="xstring" value="Hold’"/>
<entry key="1676" type="xstring" value="Ukrainian Security Service"/>
<entry key="1677" type="xstring" value="New York Times"/>
<entry key="1678" type="xstring" value="proof"/>
<entry key="1679" type="xstring" value="SEC"/>
<entry key="1680" type="xstring" value="VimpelCom"/>
<entry key="1681" type="xstring" value="file"/>
<entry key="1682" type="xstring" value="due"/>
<entry key="1683" type="xstring" value="SMP Bank"/>
<entry key="1684" type="xstring" value="InvestCapitalBank"/>
<entry key="1685" type="xstring" value="Mastercard"/>
<entry key="1686" type="xstring" value="complianc"/>
<entry key="1687" type="xstring" value="Visa"/>
<entry key="1688" type="xstring" value="Greece"/>
<entry key="1689" type="xstring" value="Kallimikraki"/>
<entry key="1690" type="xstring" value="famili"/>
<entry key="1691" type="xstring" value="model"/>
<entry key="1692" type="xstring" value="struggl"/>
<entry key="1693" type="xstring" value="destabil"/>
<entry key="1694" type="xstring" value="Canal"/>
<entry key="1695" type="xstring" value="sabotag"/>
<entry key="1696" type="xstring" value="actual"/>
<entry key="1697" type="xstring" value="Yugoslavia"/>
<entry key="1698" type="xstring" value="1990s"/>
<entry key="1699" type="xstring" value="I’m"/>
<entry key="1700" type="xstring" value="Ambassador"/>
<entry key="1701" type="xstring" value="complac"/>
<entry key="1702" type="xstring" value="Follow"/>
<entry key="1703" type="xstring" value="struck"/>
<entry key="1704" type="xstring" value="elem"/>
<entry key="1705" type="xstring" value="concret"/>
<entry key="1706" type="xstring" value="detaine"/>
<entry key="1707" type="xstring" value="detail"/>
<entry key="1708" type="xstring" value="stronger"/>
<entry key="1709" type="xstring" value="mental"/>
<entry key="1710" type="xstring" value="short-lived"/>
<entry key="1711" type="xstring" value="unlik"/>
<entry key="1712" type="xstring" value="impact"/>
<entry key="1713" type="xstring" value="Belousov"/>
<entry key="1714" type="xstring" value="measure”"/>
<entry key="1715" type="xstring" value="disagre"/>
<entry key="1716" type="xstring" value="collect"/>
<entry key="1717" type="xstring" value="privaci"/>
<entry key="1718" type="xstring" value="ensur"/>
<entry key="1719" type="xstring" value="recommend"/>
<entry key="1720" type="xstring" value="command"/>
<entry key="1721" type="xstring" value="ROSE"/>
<entry key="1722" type="xstring" value="WARD"/>
<entry key="1723" type="xstring" value="sober-minded"/>
<entry key="1724" type="xstring" value="“If"/>
<entry key="1725" type="xstring" value="Simon Denyer"/>
<entry key="1726" type="xstring" value="simondeny"/>
<entry key="1727" type="xstring" value="crowd"/>
<entry key="1728" type="xstring" value="Alex Ryabchyn"/>
<entry key="1729" type="xstring" value="discrimin"/>
<entry key="1730" type="xstring" value="U.S."/>
<entry key="1731" type="xstring" value="authent"/>
<entry key="1732" type="xstring" value="upload"/>
<entry key="1733" type="xstring" value="conclus"/>
<entry key="1734" type="xstring" value="distanc"/>
<entry key="1735" type="xstring" value="cheer"/>
<entry key="1736" type="xstring" value="Кернес"/>
<entry key="1737" type="xstring" value="GennadyKern"/>
<entry key="1738" type="xstring" value="Геннадий"/>
<entry key="1739" type="xstring" value="http"/>
<entry key="1740" type="xstring" value="student"/>
<entry key="1741" type="xstring" value="Red"/>
<entry key="1742" type="xstring" value="flag"/>
<entry key="1743" type="xstring" value="Square"/>
<entry key="1744" type="xstring" value="van"/>
<entry key="1745" type="xstring" value="rip"/>
<entry key="1746" type="xstring" value="Philippine"/>
<entry key="1747" type="xstring" value="vessel"/>
<entry key="1748" type="xstring" value="ship"/>
<entry key="1749" type="xstring" value="shoal"/>
<entry key="1750" type="xstring" value="Glazunova"/>
<entry key="1751" type="xstring" value="Mike Giglio"/>
<entry key="1752" type="xstring" value="translat"/>
<entry key="1753" type="xstring" value="mikegiglio"/>
<entry key="1754" type="xstring" value="Born"/>
<entry key="1755" type="xstring" value="Street"/>
<entry key="1756" type="xstring" value="COMPANY"/>
<entry key="1757" type="xstring" value="St. Petersburg"/>
<entry key="1758" type="xstring" value="117418"/>
<entry key="1759" type="xstring" value="Novocheremushkinskaya"/>
<entry key="1760" type="xstring" value="SWIFTBIC"/>
<entry key="1761" type="xstring" value="STROYTRANSGAZ"/>
<entry key="1762" type="xstring" value="past"/>
<entry key="1763" type="xstring" value="monei"/>
<entry key="1764" type="xstring" value="face-to-face"/>
<entry key="1765" type="xstring" value="breakup"/>
<entry key="1766" type="xstring" value="approv"/>
<entry key="1767" type="xstring" value="Rating Group"/>
<entry key="1768" type="xstring" value="instruct"/>
<entry key="1769" type="xstring" value="terrorist"/>
<entry key="1770" type="xstring" value="anti-Ukrainian"/>
<entry key="1771" type="xstring" value="GRU"/>
<entry key="1772" type="xstring" value="graphic"/>
<entry key="1773" type="xstring" value="illustr"/>
<entry key="1774" type="xstring" value="Rohingya"/>
<entry key="1775" type="xstring" value="Burmes"/>
<entry key="1776" type="xstring" value="Burma"/>
<entry key="1777" type="xstring" value="Arakan"/>
<entry key="1778" type="xstring" value="Becali"/>
<entry key="1779" type="xstring" value="Bucharest"/>
<entry key="1780" type="xstring" value="Steaua"/>
<entry key="1781" type="xstring" value="Romania"/>
<entry key="1782" type="xstring" value="controversi"/>
<entry key="1783" type="xstring" value="2012"/>
<entry key="1784" type="xstring" value="GNP"/>
<entry key="1785" type="xstring" value="threaten"/>
<entry key="1786" type="xstring" value="League of Nations"/>
<entry key="1787" type="xstring" value="Novorossiya"/>
<entry key="1788" type="xstring" value="histor"/>
<entry key="1789" type="xstring" value="1954"/>
<entry key="1790" type="xstring" value="Norway"/>
<entry key="1791" type="xstring" value="women"/>
<entry key="1792" type="xstring" value="religi"/>
<entry key="1793" type="xstring" value="South Korea"/>
<entry key="1794" type="xstring" value="pro"/>
<entry key="1795" type="xstring" value="club"/>
<entry key="1796" type="xstring" value="MuhammadLila"/>
<entry key="1797" type="xstring" value="basebal"/>
<entry key="1798" type="xstring" value="Muhammad Lila"/>
<entry key="1799" type="xstring" value="Griff"/>
<entry key="1800" type="xstring" value="MPwrite"/>
<entry key="1801" type="xstring" value="Mitch Potter"/>
<entry key="1802" type="xstring" value="William Booth"/>
<entry key="1803" type="xstring" value="Euromaidan"/>
<entry key="1804" type="xstring" value="Viktor Yanukovych"/>
<entry key="1805" type="xstring" value="Yanukovych"/>
<entry key="1806" type="xstring" value="2004"/>
<entry key="1807" type="xstring" value="prime"/>
<entry key="1808" type="xstring" value="UnitedForUkrain"/>
<entry key="1809" type="xstring" value="account"/>
<entry key="1810" type="xstring" value="mfarussia"/>
<entry key="1811" type="xstring" value="MFA"/>
<entry key="1812" type="xstring" value="United Nations Security Council"/>
<entry key="1813" type="xstring" value="extraordinari"/>
<entry key="1814" type="xstring" value="endors"/>
<entry key="1815" type="xstring" value="EU Council"/>
<entry key="1816" type="xstring" value="practic"/>
<entry key="1817" type="xstring" value="respons"/>
<entry key="1818" type="xstring" value="crimin"/>
<entry key="1819" type="xstring" value="children"/>
<entry key="1820" type="xstring" value="die"/>
<entry key="1821" type="xstring" value="mortal"/>
<entry key="1822" type="xstring" value="DOE"/>
<entry key="1823" type="xstring" value="International Economic Forum"/>
<entry key="1824" type="xstring" value="manag"/>
<entry key="1825" type="xstring" value="forum"/>
<entry key="1826" type="xstring" value="Svoboda"/>
<entry key="1827" type="xstring" value="South Stream"/>
<entry key="1828" type="xstring" value="Austria"/>
<entry key="1829" type="xstring" value="driver"/>
<entry key="1830" type="xstring" value="Taxi"/>
<entry key="1831" type="xstring" value="tank"/>
<entry key="1832" type="xstring" value="substitut"/>
<entry key="1833" type="xstring" value="Gross"/>
<entry key="1834" type="xstring" value="precondit"/>
<entry key="1835" type="xstring" value="engag"/>
<entry key="1836" type="xstring" value="offer"/>
<entry key="1837" type="xstring" value="mine"/>
<entry key="1838" type="xstring" value="accid"/>
<entry key="1839" type="xstring" value="Udachni"/>
<entry key="1840" type="xstring" value="mine’s"/>
<entry key="1841" type="xstring" value="whom"/>
<entry key="1842" type="xstring" value="Pyatt"/>
<entry key="1843" type="xstring" value="happen"/>
<entry key="1844" type="xstring" value="agenda"/>
<entry key="1845" type="xstring" value="disput"/>
<entry key="1846" type="xstring" value="suggest"/>
<entry key="1847" type="xstring" value="Servic"/>
<entry key="1848" type="xstring" value="Chairman"/>
<entry key="1849" type="xstring" value="Dmitry Nikolayevich Kozak"/>
<entry key="1850" type="xstring" value="retaliatori"/>
<entry key="1851" type="xstring" value="Maxim Sokolov"/>
<entry key="1852" type="xstring" value="Stengel"/>
<entry key="1853" type="xstring" value="propaganda"/>
<entry key="1854" type="xstring" value="li"/>
<entry key="1855" type="xstring" value="Ivory Coast"/>
<entry key="1856" type="xstring" value="Ivorian"/>
<entry key="1857" type="xstring" value="diamond"/>
<entry key="1858" type="xstring" value="Kimberlei"/>
<entry key="1859" type="xstring" value="Process"/>
<entry key="1860" type="xstring" value="suspend"/>
<entry key="1861" type="xstring" value="machine-building"/>
<entry key="1862" type="xstring" value="allegedli"/>
<entry key="1863" type="xstring" value="unwilling"/>
<entry key="1864" type="xstring" value="concess"/>
<entry key="1865" type="xstring" value="2011"/>
<entry key="1866" type="xstring" value="Armed"/>
<entry key="1867" type="xstring" value="sailor"/>
<entry key="1868" type="xstring" value="Malanin"/>
<entry key="1869" type="xstring" value="cargo"/>
<entry key="1870" type="xstring" value="Crete"/>
<entry key="1871" type="xstring" value="Greek"/>
<entry key="1872" type="xstring" value="port"/>
<entry key="1873" type="xstring" value="caus"/>
<entry key="1874" type="xstring" value="misinterpret"/>
<entry key="1875" type="xstring" value="solv"/>
<entry key="1876" type="xstring" value="upset"/>
<entry key="1877" type="xstring" value="decision-making"/>
<entry key="1878" type="xstring" value="Richard Quest"/>
<entry key="1879" type="xstring" value="Territori"/>
<entry key="1880" type="xstring" value="servicemen"/>
<entry key="1881" type="xstring" value="blast"/>
<entry key="1882" type="xstring" value="East Siberia"/>
<entry key="1883" type="xstring" value="placid"/>
<entry key="1884" type="xstring" value="shock"/>
<entry key="1885" type="xstring" value="Vitali"/>
<entry key="1886" type="xstring" value="100"/>
<entry key="1887" type="xstring" value="resrevesMai"/>
<entry key="1888" type="xstring" value="Kirby"/>
<entry key="1889" type="xstring" value="inspector"/>
<entry key="1890" type="xstring" value="Manhattan"/>
<entry key="1891" type="xstring" value="attornei"/>
<entry key="1892" type="xstring" value="juri"/>
<entry key="1893" type="xstring" value="maneuv"/>
<entry key="1894" type="xstring" value="rapidli"/>
<entry key="1895" type="xstring" value="Sergei Shoigu"/>
<entry key="1896" type="xstring" value="Chuck Hagel"/>
<entry key="1897" type="xstring" value="RT"/>
<entry key="1898" type="xstring" value="VOA"/>
<entry key="1899" type="xstring" value="VOA’s"/>
<entry key="1900" type="xstring" value="Foreign%%00010  Policy"/>
<entry key="1901" type="xstring" value="Paul"/>
<entry key="1902" type="xstring" value="wrote"/>
<entry key="1903" type="xstring" value="tell"/>
<entry key="1904" type="xstring" value="accept"/>
<entry key="1905" type="xstring" value="taxpay"/>
<entry key="1906" type="xstring" value="confus"/>
<entry key="1907" type="xstring" value="can’t"/>
<entry key="1908" type="xstring" value="recess"/>
<entry key="1909" type="xstring" value="assess"/>
<entry key="1910" type="xstring" value="huge"/>
<entry key="1911" type="xstring" value="Pashtun"/>
<entry key="1912" type="xstring" value="Abdullah"/>
<entry key="1913" type="xstring" value="Nadyr"/>
<entry key="1914" type="xstring" value="presenc"/>
<entry key="1915" type="xstring" value="Taliban"/>
<entry key="1916" type="xstring" value="harsh"/>
<entry key="1917" type="xstring" value="sort"/>
</config>
<config key="column_type">
<config key="collection_element_type">
<entry key="cell_class" type="xstring" value="org.knime.core.data.def.DoubleCell"/>
</config>
<entry key="cell_class" type="xstring" value="org.knime.core.data.collection.ListCell"/>
</config>
<config key="column_domain"/>
<config key="column_properties"/>
</config>
</config>
