"13FD5E02-D11E-11E3-9767-372061B42962.html","."
"1838DFA0-D11E-11E3-9767-372061B42962.html","."
"138E7820-D11E-11E3-9767-372061B42962.html","."
"0D197EFE-D11E-11E3-9767-372061B42962.html","."
"13A3A4E8-D11E-11E3-9767-372061B42962.html","."
"063FE7E4-D11E-11E3-9767-372061B42962.html","."
"048D73E4-D11E-11E3-9767-372061B42962.html","."
"0A6D6C92-D11E-11E3-9767-372061B42962.html","."
"03D0EB0C-D11E-11E3-9767-372061B42962.html","."
"15DFEBA4-D11E-11E3-9767-372061B42962.html","."
"077ABECC-D11E-11E3-9767-372061B42962.html","."
"13E7F6DE-D11E-11E3-9767-372061B42962.html","."
"0D7A6764-D11E-11E3-9767-372061B42962.html","."
"131F1F52-D11E-11E3-9767-372061B42962.html","."
"0414505E-D11E-11E3-9767-372061B42962.html","."
"05EBF576-D11E-11E3-9767-372061B42962.html","."
"0CE25DCA-D11E-11E3-9767-372061B42962.html","."
"12E69A9C-D11E-11E3-9767-372061B42962.html","."
"0995CB70-D11E-11E3-9767-372061B42962.html","."
"058454FC-D11E-11E3-9767-372061B42962.html","."
"0462D29C-D11E-11E3-9767-372061B42962.html","."
"13C16442-D11E-11E3-9767-372061B42962.html","."
"0D47109E-D11E-11E3-9767-372061B42962.html","."
"1285145C-D11E-11E3-9767-372061B42962.html","."
"07D362AC-D11E-11E3-9767-372061B42962.html","."
"12B99EE8-D11E-11E3-9767-372061B42962.html","."
"0692E200-D11E-11E3-9767-372061B42962.html","."
"0DAD7258-D11E-11E3-9767-372061B42962.html","."
"0429AE0E-D11E-11E3-9767-372061B42962.html","."
"04770DAC-D11E-11E3-9767-372061B42962.html","."
"5E7C8270-D121-11E3-A70E-A12461B42962.html","."
"09480F52-D11E-11E3-9767-372061B42962.html","."
"0C652D1E-D11E-11E3-9767-372061B42962.html","."
"124975A0-D11E-11E3-9767-372061B42962.html","."
"135856AA-D11E-11E3-9767-372061B42962.html","."
"0ADDC62C-D11E-11E3-9767-372061B42962.html","."
"15F4C6DC-D11E-11E3-9767-372061B42962.html","."
"08863148-D11E-11E3-9767-372061B42962.html","."
"073976CE-D11E-11E3-9767-372061B42962.html","."
"05443944-D11E-11E3-9767-372061B42962.html","."
