<?xml version="1.0" encoding="UTF-8"?>
<config xmlns="http://www.knime.org/2008/09/XMLConfig" xmlns:xsi="http://www.w3.org/2001/XMLSchema-instance" xsi:schemaLocation="http://www.knime.org/2008/09/XMLConfig http://www.knime.org/XMLConfig_2008_09.xsd" key="spec.xml">
<entry key="spec_name" type="xstring" value="default"/>
<entry key="number_columns" type="xint" value="2"/>
<config key="column_spec_0">
<entry key="column_name" type="xstring" value="Term"/>
<config key="element_names">
<entry key="array-size" type="xint" value="0"/>
</config>
<config key="column_type">
<entry key="cell_class" type="xstring" value="org.knime.ext.textprocessing.data.TermCell2"/>
</config>
<config key="column_domain"/>
<config key="column_properties"/>
</config>
<config key="column_spec_1">
<entry key="column_name" type="xstring" value="Term Vector"/>
<config key="element_names">
<entry key="array-size" type="xint" value="657"/>
<entry key="0" type="xstring" value="sign billion euro billion memorandum aid Ukrain"/>
<entry key="1" type="xstring" value="Russia Ukrain discuss ga transit Kiev’s debt Moscow Warsaw"/>
<entry key="2" type="xstring" value="Russian minist Ukrain revis ga price unilater"/>
<entry key="3" type="xstring" value="doubt Ukrain ga debt EU intend help Naftogaz EU energi commission"/>
<entry key="4" type="xstring" value="WorldView - #21"/>
<entry key="5" type="xstring" value="Crimea crop loss 120000 hectar due water suppli limit Kiev"/>
<entry key="6" type="xstring" value="1800 ton relief suppli deliv Russia’s Crimea region"/>
<entry key="7" type="xstring" value="WorldView - #22"/>
<entry key="8" type="xstring" value="West do Ukrain Yugoslavia 1990s RT Op-Edge"/>
<entry key="9" type="xstring" value="UK Militari Respons Russian Troop Enter Ukrain Report"/>
<entry key="10" type="xstring" value="External circumst prompt Russia rubl foreign trade 1st deputi PM"/>
<entry key="11" type="xstring" value="Ukrain initi Russia’s expuls BLACKSEAFOR"/>
<entry key="12" type="xstring" value="WorldView - #13"/>
<entry key="13" type="xstring" value="START Treati Unaffect Disput Ukrain Russian Deputi"/>
<entry key="14" type="xstring" value="reason 2011 Vienna docum Russia’s militari exercis Ukrain"/>
<entry key="15" type="xstring" value="WorldView - #17"/>
<entry key="16" type="xstring" value="Rosneft invest billion ga project 2018"/>
<entry key="17" type="xstring" value="Russia’s YoY retail gasolin price grow"/>
<entry key="18" type="xstring" value="VimpelCom delai file Annual Report SEC due Uzbekistan probe"/>
<entry key="19" type="xstring" value="Russian manufactur heavy-duty truck sell Ukrainian segment busi partner"/>
<entry key="20" type="xstring" value="Bahrain plan bui Russia’s SuperJet-100 liner"/>
<entry key="21" type="xstring" value="Report U.S. militari sex assault percent 2013 Pentagon"/>
<entry key="22" type="xstring" value="Morn Mix"/>
<entry key="23" type="xstring" value="Lavrov Kerry prc chemic remov Syria"/>
<entry key="24" type="xstring" value="‘Russia recessIMF RT Business"/>
<entry key="25" type="xstring" value="WorldView - #5"/>
<entry key="26" type="xstring" value="WorldView - #6"/>
<entry key="27" type="xstring" value="Russian Foreign Ministry White Book human right abus Ukrain"/>
<entry key="28" type="xstring" value="WorldView - #9"/>
<entry key="29" type="xstring" value="Russia’s Aeroflot increas flight Simferopol"/>
<entry key="30" type="xstring" value="WorldView - #12"/>
<entry key="31" type="xstring" value="WorldView - #14"/>
<entry key="32" type="xstring" value="WorldView - #16"/>
<entry key="33" type="xstring" value="NoKXL Thousand march Keyston pipelin RT News"/>
<entry key="34" type="xstring" value="Human chain Ukrainian resid block Kiev troop APC near Slavyansk VIDEO RT News"/>
<entry key="35" type="xstring" value="Russia transfer €10 million International Investment Bank’s author capit"/>
<entry key="36" type="xstring" value="compani Caterpillar confirm particip St Petersburg econom forum"/>
<entry key="37" type="xstring" value="Dozen injur fatal ongo militari Slavyansk VIDEO RT News"/>
<entry key="38" type="xstring" value="WorldView - #7"/>
<entry key="39" type="xstring" value="Presidential candid Poroshenko pledg Ukrain stop bui Russian ga 2015"/>
<entry key="40" type="xstring" value="MH370 phase includ privat contractor cost million"/>
<entry key="41" type="xstring" value="Iran bui 400 airlin sanction lift top offici"/>
<entry key="42" type="xstring" value="Donetsk mayor propos referendum region’s statu"/>
<entry key="43" type="xstring" value="Kiev unleash battl helicopt APC Slavyansk isâ€concern RT News"/>
<entry key="44" type="xstring" value="Abba call Holocaust heinou crime human"/>
<entry key="45" type="xstring" value="‘US Afghanistan TV  cash won’t RT Op-Edge"/>
<entry key="46" type="xstring" value="Obama reaffirm commit Japan tour Asia al"/>
<entry key="47" type="xstring" value="Event southeast Ukrain crime human"/>
<entry key="48" type="xstring" value="Putin Kiev author junta forc civilian RT News"/>
<entry key="49" type="xstring" value="Ukrain coal miner strike refus pai Kiev coup damag bill RT News"/>
<entry key="50" type="xstring" value="Russia Ukrain agre normal ga transit"/>
<entry key="51" type="xstring" value="Accomplic former intellig Colonel Kvachkov sentenc prison"/>
<entry key="52" type="xstring" value="Russia repeat Crimea scenario southeastern Ukrain Russian Deputi RT News"/>
<entry key="53" type="xstring" value="India Russia help suppli arm Afghan forc"/>
<entry key="54" type="xstring" value="Boehner repeat Iraq mistak Afghanistan"/>
<entry key="55" type="xstring" value="Africa Russia Republ Congo Presid RT News"/>
<entry key="56" type="xstring" value="Fight incom inequ Obama-Biden vacat tab reach RT USA"/>
<entry key="57" type="xstring" value="UN Under-Secretary-General Feltman goe Moscow talk Ukrain"/>
<entry key="58" type="xstring" value="Russia bring EU energi regul WTO"/>
<entry key="59" type="xstring" value="Kiev legal ground halt water suppli Crimea deputi premier"/>
<entry key="60" type="xstring" value="Obamaforeign polici fail"/>
<entry key="61" type="xstring" value="West reluct finger nationalist radic Ukrain crisi RT News"/>
<entry key="62" type="xstring" value="Obama Kerry fail leadership qual requir settl Ukrainian issu RT Op-Edge"/>
<entry key="63" type="xstring" value="US purpos NATO burden share RT Op-Edge"/>
<entry key="64" type="xstring" value="USA leav possibl lift sanction Russia"/>
<entry key="65" type="xstring" value="WorldView - #8"/>
<entry key="66" type="xstring" value="Shoigu deni Russian sabotage-reconnaissance oper Ukrain"/>
<entry key="67" type="xstring" value="WorldView - #10"/>
<entry key="68" type="xstring" value="Differ Ukrain affect Russia-US disarma cooper"/>
<entry key="69" type="xstring" value="Compani US sanction list lose American softwar licenc"/>
<entry key="70" type="xstring" value="US involv Ukrain â€˜Russia get involv Puerto Ricoâ€RT USA"/>
<entry key="71" type="xstring" value="FBI seek victim prolif intern child predat"/>
<entry key="72" type="xstring" value="Analysi Putin gone"/>
<entry key="73" type="xstring" value="keen put militari base Philippines Obama Xinhua"/>
<entry key="74" type="xstring" value="Cant Obama take selfi Malaysian RT USA"/>
<entry key="75" type="xstring" value="Putin Cameron call peac resolut crisi Ukrain"/>
<entry key="76" type="xstring" value="USA announc sanction Russia"/>
<entry key="77" type="xstring" value="Ukrainian invit Russia hold talk Vienna April"/>
<entry key="78" type="xstring" value="Russia vow pain respons sanction Ukrain"/>
<entry key="79" type="xstring" value="Ukrain crisi EU sanction target individu"/>
<entry key="80" type="xstring" value="OSCE Secretari arriv Kiev April Ukrain"/>
<entry key="81" type="xstring" value="Chao southern Ukrain Deadli fire chopper street fight"/>
<entry key="82" type="xstring" value="Medvedev meet Crown Princ Bahrain April"/>
<entry key="83" type="xstring" value="Putin urg govern finalis Eurasian Economic Union treati"/>
<entry key="84" type="xstring" value="RussiaSergey Lavrov run Kiev scrupl"/>
<entry key="85" type="xstring" value="Ukrain crisi Defiant pro-Russian activist seiz build"/>
<entry key="86" type="xstring" value="Ukrain crisi blink Vladimir Putin West"/>
<entry key="87" type="xstring" value="Sector activ despit Geneva deal Sergei Lavrov"/>
<entry key="88" type="xstring" value="Ukraine’s ga debt Russia reach RT Business"/>
<entry key="89" type="xstring" value="Ukrain crisi global impact"/>
<entry key="90" type="xstring" value="Timoshenko Ukrain join NATO"/>
<entry key="91" type="xstring" value="Ukrain Slovakia Sign Memorandum Reverse Gas Deliveries"/>
<entry key="92" type="xstring" value="West’s accus Russia’s noncompli Geneva agreem unfound"/>
<entry key="93" type="xstring" value="Ukraine’s Interim Leader Form Deleg Loan Talks"/>
<entry key="94" type="xstring" value="Shoigu 11000 servicemen involv oper civilian Ukraine’s southeast"/>
<entry key="95" type="xstring" value="MERS make appear Indiana"/>
<entry key="96" type="xstring" value="OPINION Impose Sanction White House Digs Itself Deeper Hole"/>
<entry key="97" type="xstring" value="Russian pilot report GPS failur Ukrain"/>
<entry key="98" type="xstring" value="Mayor Ukrainian citi shot West prepar sanction"/>
<entry key="99" type="xstring" value="ICRC OSCE Kiev agre visit jail Donetsk people’s governor"/>
<entry key="100" type="xstring" value="Ukrain crisi Pro-Russian activist clash polic Donetsk"/>
<entry key="101" type="xstring" value="Ukrain troop readi amid tension Russia"/>
<entry key="102" type="xstring" value="ambassador continu sanction Russia week"/>
<entry key="103" type="xstring" value="Russian call direct dialogu Kiev South-East Ukrain"/>
<entry key="104" type="xstring" value="Japan leader vow enhanc bilater ti"/>
<entry key="105" type="xstring" value="India support Russia Crimea stress Ukrain integr RT Op-Edge"/>
<entry key="106" type="xstring" value="Lavrov urg OSCE press speedi releas polit prison Ukrain"/>
<entry key="107" type="xstring" value="Opinion Putinempir build Cold War"/>
<entry key="108" type="xstring" value="US Restricts High-Tech Defense Export Russia"/>
<entry key="109" type="xstring" value="Amid continu defianc Ukrainian offici vow stop"/>
<entry key="110" type="xstring" value="NATO thorn Russia"/>
<entry key="111" type="xstring" value="Presidenti candid situat Ukrain settl dai"/>
<entry key="112" type="xstring" value="Putin Obama dialogu Kremlin"/>
<entry key="113" type="xstring" value="Russia Ukrain Hold Gas Talk Russian Energy Ministry"/>
<entry key="114" type="xstring" value="Ukrain tens Russia launch militari drill activist die clash"/>
<entry key="115" type="xstring" value="Putinstrategi cop bad cop"/>
<entry key="116" type="xstring" value="Putin Renzi Urge Complianc Geneva Agreement Ukrain"/>
<entry key="117" type="xstring" value="European Commission Ukrain ga talk Russia Warsaw"/>
<entry key="118" type="xstring" value="Cold War Russia Debat RT Op-Edge"/>
<entry key="119" type="xstring" value="Russia urg Kiev immedi stop belliger rhetor intimid peopl"/>
<entry key="120" type="xstring" value="European observ freed held Ukrain"/>
<entry key="121" type="xstring" value="Ukrain Talk Sidelin Council of Europe Vienna Session Ryabkov"/>
<entry key="122" type="xstring" value="sanction Russia upset crisi resolut Ukrain -official"/>
<entry key="123" type="xstring" value="week eastern Ukrain"/>
<entry key="124" type="xstring" value="Ukrain declar Russian naval attaché persona grata"/>
<entry key="125" type="xstring" value="Opinion Iraq elect fix chao left"/>
<entry key="126" type="xstring" value="WorldView - #23"/>
<entry key="127" type="xstring" value="Rosneft ExxonMobil approv Arctic project RT Business"/>
<entry key="128" type="xstring" value="Eastern Ukrainian region demand withdraw Kiev troop"/>
<entry key="129" type="xstring" value="Ukrainian armi combat readi Turchynov"/>
<entry key="130" type="xstring" value="Gunmen attack self-defense forc eastern Ukrain RT News"/>
<entry key="131" type="xstring" value="Live edg eastern Ukrain"/>
<entry key="132" type="xstring" value="Ukrain reinforc border posit"/>
<entry key="133" type="xstring" value="CNN rare access pro-Russia HQ"/>
<entry key="134" type="xstring" value="Ashton condemn kill secur worker Yemen"/>
<entry key="135" type="xstring" value="Obama begin Asia tour reassur Japan"/>
<entry key="136" type="xstring" value="Activist stage protest near U.S. Embassy Manila Xinhua"/>
<entry key="137" type="xstring" value="Obama commit support MH370 search"/>
<entry key="138" type="xstring" value="deal Moscow thwart drive wean Europe Russian ga"/>
<entry key="139" type="xstring" value="OPINION Revers Ga Flow Ukrain Hurt Slovakia"/>
<entry key="140" type="xstring" value="Putin Princ Bahrain Discuss Mideast Issue"/>
<entry key="141" type="xstring" value="‘US panic wane powerRT Op-Edge"/>
<entry key="142" type="xstring" value="Russia Bahrain Urge Peac Solut Conflict"/>
<entry key="143" type="xstring" value="Sergei Baltacha Soviet tore English footbalIron Curtain"/>
<entry key="144" type="xstring" value="Deputi NATO chief allianc treat Russia adversari"/>
<entry key="145" type="xstring" value="US sanction undermin Russian economi RT Business"/>
<entry key="146" type="xstring" value="Russia Lebanon cooper oil ga sector Lebanes foreign minist"/>
<entry key="147" type="xstring" value="China Condemn Unilater Sanction Russia Envoi"/>
<entry key="148" type="xstring" value="China conduct naval drill Russia East China Sea"/>
<entry key="149" type="xstring" value="Russian Belarusian presid set talk trade Ukrain"/>
<entry key="150" type="xstring" value="Belaru cut export duti oil petroleum product Russia’s level"/>
<entry key="151" type="xstring" value="Putin declin tit-for-tat sanction West"/>
<entry key="152" type="xstring" value="OSCE anti-terrorism confer held Belgrade 2015"/>
<entry key="153" type="xstring" value="Western sanction Russia affect roubl economi Kremlin aid"/>
<entry key="154" type="xstring" value="Kiev Claim Secur Forc Control Kramatorsk"/>
<entry key="155" type="xstring" value="Berlusconi surreal suggest anti-German"/>
<entry key="156" type="xstring" value="Russia’s Central Bank revok licens Moscow bank Mestni Kredit"/>
<entry key="157" type="xstring" value="sanction Russia help solv Ukrainian crisi"/>
<entry key="158" type="xstring" value="Ukrainian Energy Ministry advis Gazprom collect ga debt arbitr court"/>
<entry key="159" type="xstring" value="Russian German foreign minist discuss crisi Ukrain"/>
<entry key="160" type="xstring" value="CIA FBI consult Kiev govern German weekli"/>
<entry key="161" type="xstring" value="Beijing sanction Russia unlik help resolv Ukraine’s"/>
<entry key="162" type="xstring" value="Putin call stop violenc Ukrain convers Merkel"/>
<entry key="163" type="xstring" value="unanim sanction Russia diplomat"/>
<entry key="164" type="xstring" value="Congest capit Brussel look unclog traffic arteri"/>
<entry key="165" type="xstring" value="ambassador meet hour discuss sanction Russia"/>
<entry key="166" type="xstring" value="sanction Brussel misinterpret Ukrain situat Russia"/>
<entry key="167" type="xstring" value="Russia warn Ukrain shake loos non-proliferation regim"/>
<entry key="168" type="xstring" value="OSCE Chairman-in-Office Didier Burkhalt arriv Moscow discuss Ukrain"/>
<entry key="169" type="xstring" value="Russia’s Central Bank revok licens Moscow National Bank of Business Development"/>
<entry key="170" type="xstring" value="Obama administr offer million addit help Syrian rebel RT USA"/>
<entry key="171" type="xstring" value="German outrag Berlusconicomment concentr camp"/>
<entry key="172" type="xstring" value="Dozen FBI CIA agent Kiev assist Ukrain secur RT News"/>
<entry key="173" type="xstring" value="CIS seek stabil Ukrain offici"/>
<entry key="174" type="xstring" value="Voic Greece Europe recov crisi"/>
<entry key="175" type="xstring" value="PutinUkrain"/>
<entry key="176" type="xstring" value="Observer detain eastern Ukrain"/>
<entry key="177" type="xstring" value="Russian plane flew near California Guam up activ"/>
<entry key="178" type="xstring" value="Canada send 500 observ Ukrainpresidenti elect"/>
<entry key="179" type="xstring" value="Canadian prime minist announc sanction Russia Ukrainian crisi"/>
<entry key="180" type="xstring" value="Mission uncertain Canadian plane leav Eastern Europe assist NATO RT News"/>
<entry key="181" type="xstring" value="Water suppli Crimea cost 247- 417 million Kremlin aid"/>
<entry key="182" type="xstring" value="Produc Russian detain Ukrain alongsid colleagu RT News"/>
<entry key="183" type="xstring" value="impos sanction Russian offici Ukrainian"/>
<entry key="184" type="xstring" value="Russia Appeal UN Delai Election Ukrain Amid Violenc"/>
<entry key="185" type="xstring" value="Obama Merkel discuss sector sanction"/>
<entry key="186" type="xstring" value="Snowstorm hit Chelyabinsk reg leav thousand electr"/>
<entry key="187" type="xstring" value="Lavrov leav Nicaragua offici visit Chile"/>
<entry key="188" type="xstring" value="US al partner Russia vice versa Lavrov"/>
<entry key="189" type="xstring" value="China replac US biggest economi World Bank RT Business"/>
<entry key="190" type="xstring" value="Philippines begin war game focus maritim threat"/>
<entry key="191" type="xstring" value="China resolut oppos sanction missil supplier"/>
<entry key="192" type="xstring" value="test Philippines US kick major war game Pacific RT News"/>
<entry key="193" type="xstring" value="REVIEW China Path Cultur Renaiss"/>
<entry key="194" type="xstring" value="Obama hail secur pact Philippines threat China"/>
<entry key="195" type="xstring" value="China investor build bridg Kerch Strait"/>
<entry key="196" type="xstring" value="offer million Chines businessman accus Iran deal"/>
<entry key="197" type="xstring" value="Choke crisi China impos stricter penalti pollut RT News"/>
<entry key="198" type="xstring" value="China readi bui Russian ga bcm discuss"/>
<entry key="199" type="xstring" value="Philippines defenc pact boost US influenc"/>
<entry key="200" type="xstring" value="Obama commit defend Philippines ironclad"/>
<entry key="201" type="xstring" value="Lagard Russian economi suffer"/>
<entry key="202" type="xstring" value="word US defenc chief phone talk Russia’s Shoigu ministri"/>
<entry key="203" type="xstring" value="Kiev fulfil Geneva agreem Russiaâ€™s UN envoi RT News"/>
<entry key="204" type="xstring" value="Send OSCE observ southeast Ukrain Kiev provoc Churkin"/>
<entry key="205" type="xstring" value="UN peacekeep oper Ukrain unrealist Churkin"/>
<entry key="206" type="xstring" value="Anti-Kiev protest barricad City Hall eastern Ukrain PHOTOS VIDEO RT News"/>
<entry key="207" type="xstring" value="Press Clampdown Army Ukrain Stop Moscow"/>
<entry key="208" type="xstring" value="NBA player protest racist talk attribut Clipper owner Donald Sterling"/>
<entry key="209" type="xstring" value="Exclusiv EU consid ban deal bank Crimea"/>
<entry key="210" type="xstring" value="Slovakia agre ga revers suppli Ukrain"/>
<entry key="211" type="xstring" value="Lavrov prais South Africaconstruct posit Ukrain crisi"/>
<entry key="212" type="xstring" value="Council of Europe diplomat discuss Ukrain event"/>
<entry key="213" type="xstring" value="Sergei Lavrov particip Council of Europe session"/>
<entry key="214" type="xstring" value="Russian Foreign Ministry Council of Europe ‘must urg Kiev compli Geneva accord"/>
<entry key="215" type="xstring" value="Ukrainian Constitutional Court cancel memorandum cooper Russia"/>
<entry key="216" type="xstring" value="sailor sunken Agia Marina ship leav Moscow"/>
<entry key="217" type="xstring" value="Russia respond tit-for-tat Western sanction upper hous speaker"/>
<entry key="218" type="xstring" value="Russia stage Red Squar Dai parad Soviet dai"/>
<entry key="219" type="xstring" value="Russian govern provid subsidi organ transport tofrom Crimea"/>
<entry key="220" type="xstring" value="Turchynov sign bill declar Crimea occupi territori"/>
<entry key="221" type="xstring" value="Duma request FAS look price mobil phone call Crimea"/>
<entry key="222" type="xstring" value="Russian railwai corpor warn tighter border-crossing rule Ukrain"/>
<entry key="223" type="xstring" value="Moscow bargain Kiev Crimeawater suppli Russian resourc minist RT News"/>
<entry key="224" type="xstring" value="Crimean author begin de-mothball water northeastern"/>
<entry key="225" type="xstring" value="Bank refrain Crimea subsidiari Ukrain"/>
<entry key="226" type="xstring" value="Kiev Author Close Border Crimea"/>
<entry key="227" type="xstring" value="Crimea’s reunif Russia result Ukrainian crisi"/>
<entry key="228" type="xstring" value="Russiadecis Crimea help avoid casualti Medvedev"/>
<entry key="229" type="xstring" value="NATOInformation Bureau Moscow Close Report"/>
<entry key="230" type="xstring" value="Protest eastern Ukrain Kiev govt ‘gang oligarchRT Op-Edge"/>
<entry key="231" type="xstring" value="Investment develop energi system Crimea estim billion roubl"/>
<entry key="232" type="xstring" value="Peskov event Ukrain prove Russia’s posit Crimea"/>
<entry key="233" type="xstring" value="Silenc Wolv Ukrain Moral Stultif West"/>
<entry key="234" type="xstring" value="Canadian announc sanction Russian offici bank"/>
<entry key="235" type="xstring" value="US sanction Russia effect International Launch Services spokeswoman"/>
<entry key="236" type="xstring" value="German chancellor threaten Russia sanction Ukrain crisi"/>
<entry key="237" type="xstring" value="Fair Russia leader seek oust oppos Crimea access RT Russian polit"/>
<entry key="238" type="xstring" value="deleg urg talk free American jail Cuba"/>
<entry key="239" type="xstring" value="CubaNow tell Obama time chang Cuba polici"/>
<entry key="240" type="xstring" value="Russia consid mainten embargo Cuba unaccept"/>
<entry key="241" type="xstring" value="CubaNow tell Obama time chang Cuba polici - #2"/>
<entry key="242" type="xstring" value="‘Junta govern Kiev trigger mine explod sooner RT Op-Edge"/>
<entry key="243" type="xstring" value="Peru closer contact Customs Union Lavrov"/>
<entry key="244" type="xstring" value="Putin meet lawmak Petrozavodsk discuss integr Crimea Sevastopol"/>
<entry key="245" type="xstring" value="colleg investig mishandl sexual assault RT USA"/>
<entry key="246" type="xstring" value="Donetsk Republ co-chair law enforc swap militiamen"/>
<entry key="247" type="xstring" value="Russian forc kill five suspect milit Dagestan Ifax"/>
<entry key="248" type="xstring" value="Kiev citi author cancel Victori Dai parad Kiev"/>
<entry key="249" type="xstring" value="WorldView - #11"/>
<entry key="250" type="xstring" value="Tear ga Ukraineâ€™s Donetsk activist seiz Prosecutorâ€™s Office PHOTOS RT News"/>
<entry key="251" type="xstring" value="Syrian relief hamper fail aid"/>
<entry key="252" type="xstring" value="Nicaragua disapprov sanction Russia presid"/>
<entry key="253" type="xstring" value="Ukrainian condemn hostag taker"/>
<entry key="254" type="xstring" value="step consult Ukrain Eastern European al"/>
<entry key="255" type="xstring" value="Moscow call US NATO militari buildup near Russian border â€˜unprecedentedâ€RT News"/>
<entry key="256" type="xstring" value="Five injur explos ammo depot East Siberia"/>
<entry key="257" type="xstring" value="Defense Ministry confirm death peopl Siberia militari depot fire"/>
<entry key="258" type="xstring" value="Russian plane enter Ukrainian airspac Moscow RT News"/>
<entry key="259" type="xstring" value="Busi usual current contract despit IT sanction industri insid"/>
<entry key="260" type="xstring" value="Putin Hope Continued Defense Industry Ties With Ukraine"/>
<entry key="261" type="xstring" value="Japan follow US sanction visa ban RT Business"/>
<entry key="262" type="xstring" value="Anti-Kiev protest control govt build Lugansk Region east Ukrain RT News"/>
<entry key="263" type="xstring" value="Kremlin regret approv punit oper southeast Ukrain Putin spokesman"/>
<entry key="264" type="xstring" value="Ukrainian extremist move headquart Kiev Dnepropetrovsk"/>
<entry key="265" type="xstring" value="Candid Ukraine’s presiden urg Kiev stop us armi suppress protest"/>
<entry key="266" type="xstring" value="Gunman aim kill Kharkiv mayor presidenti candid"/>
<entry key="267" type="xstring" value="Russia expect US explan jail pilot’s recent incid"/>
<entry key="268" type="xstring" value="US Germany Italy France leader call sanction Russia"/>
<entry key="269" type="xstring" value="Kievâ€™s â€˜punitive opâ€Ukrain irrepar sever Geneva accord Kremlin RT News"/>
<entry key="270" type="xstring" value="Ukrainextremist form battalion Donetsk region"/>
<entry key="271" type="xstring" value="sanction Putin al Ukrain violenc goe"/>
<entry key="272" type="xstring" value="Germany Donetsk Referendum Exacerb Ukrainian Crisi"/>
<entry key="273" type="xstring" value="Ukraineâ€™s largest bank suspend Donetsk Lugansk RT Business"/>
<entry key="274" type="xstring" value="Ukrainian radic attack peac antifascist process Donetsk"/>
<entry key="275" type="xstring" value="Local barricad administr build protect nativ east Ukraine citi"/>
<entry key="276" type="xstring" value="Russia step free detain OSCE observ"/>
<entry key="277" type="xstring" value="â€˜Go Kiev fascistâ€™ Outrag local chase Ukrainian troop VIDEO RT News"/>
<entry key="278" type="xstring" value="People’s militia fighter Donetsk region captur special task forc offic"/>
<entry key="279" type="xstring" value="Donetsk republican leader hold Ukrain presidenti elect"/>
<entry key="280" type="xstring" value="Donetsk region propos nationwid referendum regionpower"/>
<entry key="281" type="xstring" value="Ukrainian troop destroi check feder support near Slavyansk"/>
<entry key="282" type="xstring" value="sanction Putin al Ukrain violenc goe - #2"/>
<entry key="283" type="xstring" value="Ukrain Extend Ban Russian Flight Donetsk Kharkiv"/>
<entry key="284" type="xstring" value="Anti-govt protesters seiz state eastern Ukrain call own channel RT News"/>
<entry key="285" type="xstring" value="Blast fierc fight Donetsk pro- anti-Kiev demo VIDEO PHOTOS RT News"/>
<entry key="286" type="xstring" value="Pro-Russia rebel gain Donetsk"/>
<entry key="287" type="xstring" value="Bomb Kill Soldier Ukraine’s Donetsk Region"/>
<entry key="288" type="xstring" value="Ukrain crisi Five scenario"/>
<entry key="289" type="xstring" value="Russia continu effort arrest Donetsk governor releas soon"/>
<entry key="290" type="xstring" value="Ukrain unilater ban Russian air compani flight Donetsk Kharkiv"/>
<entry key="291" type="xstring" value="Donetsk activist seiz secur servic"/>
<entry key="292" type="xstring" value="Ukraine’s Donetsk Forego Presidenti Election Activist"/>
<entry key="293" type="xstring" value="Dunkin Donut Frozen Dunkaccino Fudgaccino Mocha Crunch Donut"/>
<entry key="294" type="xstring" value="Russia celebr Dai Russian Parliamentar"/>
<entry key="295" type="xstring" value="Duma consid autumn amend law retail cost save"/>
<entry key="296" type="xstring" value="Russia thank Serbia oppos anti-Russian sanction"/>
<entry key="297" type="xstring" value="Russian OSCE media freedom representative’s remark Ukrain distort real"/>
<entry key="298" type="xstring" value="Dutch fighter jet intercept Russian bomber airspac"/>
<entry key="299" type="xstring" value="Obama Merkel threaten broad sanction Ukrain elect disrupt RT USA"/>
<entry key="300" type="xstring" value="Kerry rebuk EU incit Ukrain â€˜tug warâ€™â€report RT News"/>
<entry key="301" type="xstring" value="Russia sue EU ‘Third Energy Packagereport RT Business"/>
<entry key="302" type="xstring" value="‘Ukrainian economi cave RT Op-Edge"/>
<entry key="303" type="xstring" value="servicemen injur explos ammunit depot East Siberia Defense Ministry"/>
<entry key="304" type="xstring" value="US soldier arriv Lithuania â€˜reassureâ€NATO al amid Ukrainian crisi RT News"/>
<entry key="305" type="xstring" value="Peru Favor Geneva Dialog Ukrain Sole Solution"/>
<entry key="306" type="xstring" value="Malaysia agre Obama upgrad ti"/>
<entry key="307" type="xstring" value="Russia continu suppli Russian nuclear fuel Ukrainian power plant Energoatom"/>
<entry key="308" type="xstring" value="OPINION Western Sanction Strengthen Russia’s Internal Polit Stabl"/>
<entry key="309" type="xstring" value="Kerry pressur South Sudan rebel leader fight rage"/>
<entry key="310" type="xstring" value="Eurasian Economic Council invit observ Minsk session"/>
<entry key="311" type="xstring" value="Putin Russia Kazakhstan Belaru reach compromis Eurasian Economic Union Treaty"/>
<entry key="312" type="xstring" value="â€˜hate Southeast Ukrain seek understand regim RT News"/>
<entry key="313" type="xstring" value="US Europe Divid Anti-Russia Sanction"/>
<entry key="314" type="xstring" value="Russia’s Human Rights Council Calls Talk Ukrain"/>
<entry key="315" type="xstring" value="Obama Merkel struggl spy agre trade"/>
<entry key="316" type="xstring" value="Morn Mix - #2"/>
<entry key="317" type="xstring" value="Lawless Ukrain Lead Conflict Europe Moscow"/>
<entry key="318" type="xstring" value="Obama Merkel struggl spy agre trade - #2"/>
<entry key="319" type="xstring" value="Pentagon chief urg NATO rais defens spend amid Ukrain crisi"/>
<entry key="320" type="xstring" value="Europe Call Kiev Follow Geneva Accord Moscow"/>
<entry key="321" type="xstring" value="‘Russia oblig financ Ukraine-EU integrRT Op-Edge"/>
<entry key="322" type="xstring" value="Trans-Atlantic global leadership stake Ukraine Kerry RT News"/>
<entry key="323" type="xstring" value="West actual impos inform blockad Ukrain tragic event Russia ForMin"/>
<entry key="324" type="xstring" value="Ukrainfailur pai ga debt cut ga suppli Europe Russiaâ€™s energi minist RT Business"/>
<entry key="325" type="xstring" value="Russian German diplomat discuss detent OSCE militari observ Ukrain"/>
<entry key="326" type="xstring" value="Dutch Geert Wilder care expans Ukrain RT Op-Edge"/>
<entry key="327" type="xstring" value="Germany send militari observ Ukrain"/>
<entry key="328" type="xstring" value="Duma demand tribun Kiev author bloodbath Odessa"/>
<entry key="329" type="xstring" value="Russia Ukrain fail reach agreem ga talk RT Business"/>
<entry key="330" type="xstring" value="Russia file claim court revers ga suppli Europe Ukrain"/>
<entry key="331" type="xstring" value="Ukrain can’t guarante ga storag transit Europe Russian minist"/>
<entry key="332" type="xstring" value="Russia Ukrain meet ahead ga talk EU envoi"/>
<entry key="333" type="xstring" value="Moscow slam Kiev polit repress RT News"/>
<entry key="334" type="xstring" value="Russia Ukrain ga talk soon presidenti aid"/>
<entry key="335" type="xstring" value="diplomat discuss sanction Russia"/>
<entry key="336" type="xstring" value="Exclusiv Global anti-money launder move meet Moscow"/>
<entry key="337" type="xstring" value="Gunmen cach tonn food found Ingushetia"/>
<entry key="338" type="xstring" value="Fear reign Ukrainian road"/>
<entry key="339" type="xstring" value="Immediat intern measur impact Kiev regim russian diplomat"/>
<entry key="340" type="xstring" value="Russia’s unemploy rate March Februari"/>
<entry key="341" type="xstring" value="Kiev author step nate reconcili Lavrov"/>
<entry key="342" type="xstring" value="Five candid Kiev mayor regist territori elect comiss"/>
<entry key="343" type="xstring" value="Bodi surfac river Ukrain"/>
<entry key="344" type="xstring" value="Russian Deputi Moscow Mull Join Nicaragua Canal Project"/>
<entry key="345" type="xstring" value="Peru Hope Progress Free Trade Zone Russia"/>
<entry key="346" type="xstring" value="German suggest hold Geneva confer Ukrain"/>
<entry key="347" type="xstring" value="Russia urg immedi stop combat oper Ukrain"/>
<entry key="348" type="xstring" value="â€‹Reform bill requir Voic America trumpet US polici object report RT USA"/>
<entry key="349" type="xstring" value="UkrainForeign Ministry troop eastern Ukrain protect citizen"/>
<entry key="350" type="xstring" value="Militari observ detainGerman Russian foreign minist assess Ukrain seizur"/>
<entry key="351" type="xstring" value="instruct retaliatori restrict Ukrainian enter Russia minist"/>
<entry key="352" type="xstring" value="US Ambassador Moscow Difficult Job RussiaDeputi"/>
<entry key="353" type="xstring" value="NATO direct militari aid Ukrain"/>
<entry key="354" type="xstring" value="CEO sanction mark Rosneft oil compani"/>
<entry key="355" type="xstring" value="Sanction Russia affect French compani French commerc chief warn"/>
<entry key="356" type="xstring" value="Dozen die Odessa rebel Ukrain helicopt"/>
<entry key="357" type="xstring" value="ambassador Russia urg stop violenc Ukraine’s southeast"/>
<entry key="358" type="xstring" value="Special forc shoot polic checkpoint east Ukrain"/>
<entry key="359" type="xstring" value="leader agre sanction Russia"/>
<entry key="360" type="xstring" value="Russia call extraordinari meet UN Security Council oper Ukraine"/>
<entry key="361" type="xstring" value="Pro-Russians storm Odessa polic state slam local polic"/>
<entry key="362" type="xstring" value="Violenc escal Ukrain OSCE observ freed"/>
<entry key="363" type="xstring" value="Ukrainian militari storm Kramatorsk dead injur RT News"/>
<entry key="364" type="xstring" value="Russia’s Aeroflot increas flight Simferopol - #2"/>
<entry key="365" type="xstring" value="diplomat evid Russiainvolv Odessa massacr"/>
<entry key="366" type="xstring" value="Germany satisfi US assur NSA spy RT USA"/>
<entry key="367" type="xstring" value="Ukrain deni militari hardwar special oper eastern region"/>
<entry key="368" type="xstring" value="WorldView - #15"/>
<entry key="369" type="xstring" value="Russia’s aviat watchdog warn flight safeti hazard Ukrain due GPS failur"/>
<entry key="370" type="xstring" value="WorldView - #24"/>
<entry key="371" type="xstring" value="Russian govern Gazprom Khandinsky subsoil Irkutsk region"/>
<entry key="372" type="xstring" value="Russian energi minist Ukrain IMF loan repai ga debt"/>
<entry key="373" type="xstring" value="Ukrain strike bcm revers ga flow deal Slovakia RT Business"/>
<entry key="374" type="xstring" value="Ukrain readi pai debt Gazprom 268"/>
<entry key="375" type="xstring" value="Naftogaz Ukrain refus recognis debt take-or-pay contract"/>
<entry key="376" type="xstring" value="Ukrain pull brink RT Op-Edge"/>
<entry key="377" type="xstring" value="Kiev welcom German initi Ukrain talk Geneva"/>
<entry key="378" type="xstring" value="US Impose Econom Sanction Russia Interven Ukraine"/>
<entry key="379" type="xstring" value="Lavrov OSCE Chairperson call complianc Geneva Statem Ukrain"/>
<entry key="380" type="xstring" value="Putin Renzi call abid Geneva accord Ukrain"/>
<entry key="381" type="xstring" value="Lavrov Russia insist respect Geneva accord"/>
<entry key="382" type="xstring" value="Russia surpris distort interpret Geneva statem Kiev"/>
<entry key="383" type="xstring" value="Russia call UN pass statem support Geneva accord Ukrainian settlem"/>
<entry key="384" type="xstring" value="Kiev implem Geneva agreem Russiaambassador UN"/>
<entry key="385" type="xstring" value="NATOâ€™s second-in-command Russia enemi partner RT USA"/>
<entry key="386" type="xstring" value="Detain OSCE observ Ukrain releas soon report"/>
<entry key="387" type="xstring" value="German govern warn invit Snowden testifi parliamentari inquiri"/>
<entry key="388" type="xstring" value="German expert Russia seek Eastern Ukrain secess"/>
<entry key="389" type="xstring" value="Germany drop Snowdenâ€™s invit testifi NSA spy person RT News"/>
<entry key="390" type="xstring" value="Russian sanction NSA spy top agenda Merkelâ€™s White House visit RT News"/>
<entry key="391" type="xstring" value="Anti-Russian sanction badli hit German economi expert"/>
<entry key="392" type="xstring" value="USA announc sanction Russia Mondai"/>
<entry key="393" type="xstring" value="RussiaPutin outlaw denial Nazi crime"/>
<entry key="394" type="xstring" value="Russia Germany Discuss OSCE TeamDetent Ukrain"/>
<entry key="395" type="xstring" value="Lavrov Russia insist investig report Greystone’s involv Urkaine"/>
<entry key="396" type="xstring" value="Hundr surround Int Ministry HQ Lugansk demand polic surrend RT News"/>
<entry key="397" type="xstring" value="Ukrain crisi highlight NATO defens spend Hagel"/>
<entry key="398" type="xstring" value="Ukrain crisi highlight NATO defens spend Hagel - #2"/>
<entry key="399" type="xstring" value="Russian defens minist reassur US colleagu Ukrain"/>
<entry key="400" type="xstring" value="Hitler parallel debat rage Washington Post RT News"/>
<entry key="401" type="xstring" value="OPINION US-Ukraine Nuclear Fuel Deal Raises Safety Concerns"/>
<entry key="402" type="xstring" value="ILS Satellit Launch Remain Schedul Despit Sanction"/>
<entry key="403" type="xstring" value="Ukrain 17bn IMF loan"/>
<entry key="404" type="xstring" value="IMF green light Ukrain aid packag RT News"/>
<entry key="405" type="xstring" value="Lagard warn danger econom sanction current situat Ukrain"/>
<entry key="406" type="xstring" value="â€‹Ron Paul Western power foment Ukrainian conflict US â€˜stay outâ€RT USA"/>
<entry key="407" type="xstring" value="IMF expect Russia budget surplu"/>
<entry key="408" type="xstring" value="di mine cave-in Yakutia"/>
<entry key="409" type="xstring" value="Obama plai soccer robot"/>
<entry key="410" type="xstring" value="Six peopl miss result ammo explos Zabaikaly"/>
<entry key="411" type="xstring" value="Ukrainian Interior Ministry crimin clash Kharkiv"/>
<entry key="412" type="xstring" value="Putin foe fear Internet crackdown blogger law sail"/>
<entry key="413" type="xstring" value="Visa stop servic RussiaSMP Bank InvestCapitalBank"/>
<entry key="414" type="xstring" value="target Chines businessman suppli Iranian missil"/>
<entry key="415" type="xstring" value="Russia Iran set strike 10bn energi deal RT Business"/>
<entry key="416" type="xstring" value="Iraqâ€™s elect US pullout mark death polit optim RT News"/>
<entry key="417" type="xstring" value="European Commission Sanction Russia serious affect European economi"/>
<entry key="418" type="xstring" value="shock Westplacid action Ukrain peopl"/>
<entry key="419" type="xstring" value="Moscowpolic check bomb warn call Mosfilm film studio"/>
<entry key="420" type="xstring" value="violat Ukrain air space Russian aircraft"/>
<entry key="421" type="xstring" value="lift ban Ivory Coast diamond"/>
<entry key="422" type="xstring" value="Tokyo continu polit dialogu Moscow"/>
<entry key="423" type="xstring" value="South Korea Obama paus rememb ferri victim"/>
<entry key="424" type="xstring" value="Japan’s pressur Russia promot deescal Ukraine Russia"/>
<entry key="425" type="xstring" value="Russia Emergen OSCE Meet Ukrain"/>
<entry key="426" type="xstring" value="Govern urg sign Russia-Jordan memo mutual understand"/>
<entry key="427" type="xstring" value="Kerry US impos sanction sector Russian economi"/>
<entry key="428" type="xstring" value="Mayor Kharkov Ukrain shot hospit press servic RT News"/>
<entry key="429" type="xstring" value="OPINION Shoot Kharkiv Mayor Proves Ukraine Election Untimely"/>
<entry key="430" type="xstring" value="warn South Sudan genocid risk rais hope forc"/>
<entry key="431" type="xstring" value="Mayor Ukraine’s Kharkiv Injure Assassin Attempt"/>
<entry key="432" type="xstring" value="Lawmak unabl agre memorandum settlem eastern Ukrain"/>
<entry key="433" type="xstring" value="Kiev militari Ukrainian armi tank APC troop attack Slavyansk RT News"/>
<entry key="434" type="xstring" value="US nâ€™t care Ukrain prove charg Lavrov RT News"/>
<entry key="435" type="xstring" value="OSCE militari observ held Sloviansk unlik releas soon"/>
<entry key="436" type="xstring" value="Russia urg Kiev stop bloodsh Ukrainsouth-east begin negoti"/>
<entry key="437" type="xstring" value="Ukrainrestiv east slip governgrasp"/>
<entry key="438" type="xstring" value="Moscow demand confirm Russian Odessa victim"/>
<entry key="439" type="xstring" value="OSCE refut Ukrainian foreign ministalleg secr-gen’s visit Kiev"/>
<entry key="440" type="xstring" value="Ukrain de-escalation mean RT Op-Edge"/>
<entry key="441" type="xstring" value="Radic behaviour Ukrain poll run-up reinforc Russian doubt"/>
<entry key="442" type="xstring" value="Putin express deep condol famili Odessa fire victim Kremlin spokesman"/>
<entry key="443" type="xstring" value="Russian Kiev’s punit oper Slavyansk OSCE observlive risk"/>
<entry key="444" type="xstring" value="Ukrain forc kill five rebel Russia start drill near border"/>
<entry key="445" type="xstring" value="Russia refrain attend OSCE Permanent Council meet Ukrain"/>
<entry key="446" type="xstring" value="armi peopl crimin decis Lavrov"/>
<entry key="447" type="xstring" value="Ukrainrestiv east slip governgrasp - #2"/>
<entry key="448" type="xstring" value="Lavrov dialogu Kiev govern oppon steer OSCE"/>
<entry key="449" type="xstring" value="Russia can’t touch presidenti envoi southeast Ukrain"/>
<entry key="450" type="xstring" value="Ukraine’s Security Service deni consult CIA"/>
<entry key="451" type="xstring" value="Resid Ukrain Threaten Honor Histori Russian Official"/>
<entry key="452" type="xstring" value="State Guard polic hold night drill Kiev VIDEO RT News"/>
<entry key="453" type="xstring" value="Russia Compil White Book Human Rights Violations Ukrain"/>
<entry key="454" type="xstring" value="Centuries-old ti Russia Ukrain broken"/>
<entry key="455" type="xstring" value="â€˜should ashamedâ€sanction Russia Moscow RT News"/>
<entry key="456" type="xstring" value="US fail push econom sanction Russia al RT News"/>
<entry key="457" type="xstring" value="Army oper southeast Ukrain Kiev’s attack Crimean leader"/>
<entry key="458" type="xstring" value="‘It’s US phone Kiev tell stop operRT Op-Edge"/>
<entry key="459" type="xstring" value="US EUâ€™s support Kievâ€™s tactic block peac resolut Ukrain crisi Russia RT News"/>
<entry key="460" type="xstring" value="Civil war provok Kiev author rage Ukraine Luhansk Region Council"/>
<entry key="461" type="xstring" value="Mass brawl break radic Maidan Kiev"/>
<entry key="462" type="xstring" value="Militiaman сombat helicopt Slavyansk east Ukrainian citi block"/>
<entry key="463" type="xstring" value="Eastern Ukrainian region announc mobil"/>
<entry key="464" type="xstring" value="Kiev afraid Ukraine’s center west aris southeast presid nomine"/>
<entry key="465" type="xstring" value="Unverifi  expos NYT-State Dept Russian Ukrain imag proof collaps RT News"/>
<entry key="466" type="xstring" value="OSCE secretari arriv Kiev late Sundai"/>
<entry key="467" type="xstring" value="OSCE observ releas Slavyansk arriv Kiev"/>
<entry key="468" type="xstring" value="Ukrain federalis support protest east Ukrainian citi"/>
<entry key="469" type="xstring" value="UkrainElection Schedul Unchang Despit Violenc Kiev"/>
<entry key="470" type="xstring" value="East UkrainSloviansk attack kill media"/>
<entry key="471" type="xstring" value="Lavrov chanc dialogu Ukrain"/>
<entry key="472" type="xstring" value="Ukrain move forc Odessa helicopt east"/>
<entry key="473" type="xstring" value="Oleh Tsariov withdraw Ukrainpresidenti race"/>
<entry key="474" type="xstring" value="Assault oper South-East Ukrain lead catastroph Foreign Ministry"/>
<entry key="475" type="xstring" value="Kiev regim push Ukrain catastroph Russiaambassador UN"/>
<entry key="476" type="xstring" value="Moscow Kiev western sponsor directli respons bloodsh EUkrain RT News"/>
<entry key="477" type="xstring" value="Russia urg OSCE assist stop punit Kiev oper east Ukrain"/>
<entry key="478" type="xstring" value="US hypocrisi Ukrain ‘absolutely stunRT Op-Edge"/>
<entry key="479" type="xstring" value="Ukrainian armi â€˜on alertâ€™ presid admit east beyond control RT News"/>
<entry key="480" type="xstring" value="US unilater sanction Russia unlaw"/>
<entry key="481" type="xstring" value="‘Sooner Kiev’s armi Sector attack civilianRT Op-Edge"/>
<entry key="482" type="xstring" value="Kiev Hold Prayer Servic WWII Victim Instead Parad"/>
<entry key="483" type="xstring" value="Moscow blame Kiev tragic event Odessa"/>
<entry key="484" type="xstring" value="li Dept expos propaganda RT Op-Edge"/>
<entry key="485" type="xstring" value="Ukrain move forc Odessa helicopt east - #2"/>
<entry key="486" type="xstring" value="Ukrain Hold Snap Militari Drill Downtown Kiev Night"/>
<entry key="487" type="xstring" value="White House Obama-Merkel meet focu Ukrain crisi"/>
<entry key="488" type="xstring" value="Dark Ukraineâ€™s elect Darth Vader run mayor Kiev Odessa RT News"/>
<entry key="489" type="xstring" value="Duma demand thorough probe toughest punish Odessa massacr culprit"/>
<entry key="490" type="xstring" value="Dozen kill Ukraine fight fire OSCE monitor freed"/>
<entry key="491" type="xstring" value="Moscow urg intern commun condemn human right violat Ukrain"/>
<entry key="492" type="xstring" value="Ukrain releas protest Prime Minist visit Odessa blaze"/>
<entry key="493" type="xstring" value="Russian Kiev’s plan hold nate poll phonei act"/>
<entry key="494" type="xstring" value="Injure Shootout Airfield East Ukraine Report"/>
<entry key="495" type="xstring" value="Russia’s Lavrov Meet EU Foreign Ministers Ukrain"/>
<entry key="496" type="xstring" value="Kerry South Sudan push halt conflict"/>
<entry key="497" type="xstring" value="Customs tariff crude oil Prirazlomni Korchagin oil field"/>
<entry key="498" type="xstring" value="Pyongyang Urge Washington Stop Militari Drill"/>
<entry key="499" type="xstring" value="North Korea armi develop abl beat"/>
<entry key="500" type="xstring" value="Ukrainian forc begin assault Kramatorsk"/>
<entry key="501" type="xstring" value="major plant suspend east Ukraine’s Kramatorsk local media"/>
<entry key="502" type="xstring" value="Putin foe Navalni avoid detent Russian trial"/>
<entry key="503" type="xstring" value="Russian Report Highlight Right Violat Ukrain Kremlin"/>
<entry key="504" type="xstring" value="Kyrgyzstan’s access Customs Union prioriti cooper sphere Medvedev"/>
<entry key="505" type="xstring" value="US troop arriv Poland Latvia drill amid rise tension Ukraine RT News"/>
<entry key="506" type="xstring" value="Ukrain field geopolit stand-off Lavrov"/>
<entry key="507" type="xstring" value="Lavrov call armi oper protest Ukraine"/>
<entry key="508" type="xstring" value="logic West’s readi recogn elect Ukrain Syria Lavrov"/>
<entry key="509" type="xstring" value="readi admit can’t run globe Sergei Lavrov"/>
<entry key="510" type="xstring" value="Russian Lebanes foreign minist discuss situat Middle East Ukrain Syria"/>
<entry key="511" type="xstring" value="Britain France deploi fighter jet Lithuania Poland RT News"/>
<entry key="512" type="xstring" value="Protest Luhansk region name condit vacat Security Service build"/>
<entry key="513" type="xstring" value="OSCE see sign de-escalation eastern Ukrainian region"/>
<entry key="514" type="xstring" value="Ukrain separatist seiz provinci capit fire polic"/>
<entry key="515" type="xstring" value="Support Ukraine’s feder occupi build region council Luhansk"/>
<entry key="516" type="xstring" value="Neo-Nazis hold action Lvov commemor Ukrainian SS divis"/>
<entry key="517" type="xstring" value="Former deputi western Ukrain speak march commemor SS divis"/>
<entry key="518" type="xstring" value="Neo-Nazis march Lvov honor Ukrainian Waffen SS divis PHOTOS RT News"/>
<entry key="519" type="xstring" value="MI5 hire British Secret Service look intel expert Russia RT News"/>
<entry key="520" type="xstring" value="Far-right ral massiv brawl Kievâ€™s Maidan shot heard PHOTOS RT News"/>
<entry key="521" type="xstring" value="US oblivion Obamaweird tour Asia RT Op-Edge"/>
<entry key="522" type="xstring" value="Malaysia cite sensit Obama struggl push trade pact"/>
<entry key="523" type="xstring" value="Philippines forc access five militari base"/>
<entry key="524" type="xstring" value="Ukrain delai deliveri equip Russian defens industri"/>
<entry key="525" type="xstring" value="Putin Sanction pluse Russian economi"/>
<entry key="526" type="xstring" value="MasterCard estim effect Russia’s own futur payment system"/>
<entry key="527" type="xstring" value="Putin introduct electr social consumpt norm"/>
<entry key="528" type="xstring" value="Medvedev urg Kiev author stop kill citizen"/>
<entry key="529" type="xstring" value="Obama Merkel vow wider Russia sanction Ukrain elect imped"/>
<entry key="530" type="xstring" value="Await Kievmilitari oper situat eastern region Ukrain"/>
<entry key="531" type="xstring" value="govt review implement programm"/>
<entry key="532" type="xstring" value="Putin critic Navalni repriev court fault"/>
<entry key="533" type="xstring" value="OSCE Hold Emergen Meet Ukrain"/>
<entry key="534" type="xstring" value="Rehears Victori Dai militari parad"/>
<entry key="535" type="xstring" value="Russia West Continue Investment Cooperation Russian Ombudsman"/>
<entry key="536" type="xstring" value="Ukrain rebel free Swedish hostag Obama seek uniti Russia"/>
<entry key="537" type="xstring" value="Russia urg unbias assess Ukrainian situat Europe"/>
<entry key="538" type="xstring" value="US Sanctions Target Russia Energy Sector CEOs"/>
<entry key="539" type="xstring" value="Bomb threat call Mosfilm film studio prove hoax"/>
<entry key="540" type="xstring" value="Ukrain blame Moscow human shield detent east"/>
<entry key="541" type="xstring" value="Republican senat introduc bill contain harsher sanction Russia RT USA"/>
<entry key="542" type="xstring" value="Moscow Dai parad laud Putin rebel seiz Ukrain build"/>
<entry key="543" type="xstring" value="Moscow hope US stop far-fetched insinu Russia Foreign Ministry"/>
<entry key="544" type="xstring" value="US-Russia relat return reason RT Op-Edge"/>
<entry key="545" type="xstring" value="Russia call recent Western militari activ unpreced"/>
<entry key="546" type="xstring" value="Putin critic Navalni repriev court fault - #2"/>
<entry key="547" type="xstring" value="Obama Myanmar succe Muslim oppress"/>
<entry key="548" type="xstring" value="Russia forc launch militari drill near border respons Ukrain RT News"/>
<entry key="549" type="xstring" value="ANALYSIS NATO Using Ukrainian Crisi Attempt Resolv Own"/>
<entry key="550" type="xstring" value="NATO ship arriv Lithuania amid rise tension Ukrain RT News"/>
<entry key="551" type="xstring" value="Lavrov visit Nicaragua April talk Ortega"/>
<entry key="552" type="xstring" value="Russia shortag food product sanction minist"/>
<entry key="553" type="xstring" value="Russia defend Ukrain event North Korean offici"/>
<entry key="554" type="xstring" value="WorldView - #20"/>
<entry key="555" type="xstring" value="WorldView"/>
<entry key="556" type="xstring" value="People’s Mayor Slaviansk Propos Swap OSCE Team"/>
<entry key="557" type="xstring" value="Western countri line OSCE observ detain Ukrain"/>
<entry key="558" type="xstring" value="Human right council offer mediat Ukrain crisi talk"/>
<entry key="559" type="xstring" value="German politician dispatch Germany militari observ Ukrain silli action"/>
<entry key="560" type="xstring" value="White House conced privaci protect lack data report RT USA"/>
<entry key="561" type="xstring" value="Russian billionair avoid sanction"/>
<entry key="562" type="xstring" value="Obama threaten broader sanction Russia"/>
<entry key="563" type="xstring" value="Occupat run militari precis"/>
<entry key="564" type="xstring" value="dai live infami dai Odessa citizen savag kill RT Op-Edge"/>
<entry key="565" type="xstring" value="Russia abl persuad peopl southeast Ukrain lai arm"/>
<entry key="566" type="xstring" value="Russiawarn inter-ethnic violenc Ukrain fruition RT Op-Edge"/>
<entry key="567" type="xstring" value="Public activist sue Kiev regim European right court RT Russian polit"/>
<entry key="568" type="xstring" value="Russian deleg particip June PACE session Russian lawmak"/>
<entry key="569" type="xstring" value="Russia sue Third Energy Package"/>
<entry key="570" type="xstring" value="Palestinian legitim aspir can’t fulfil consolid"/>
<entry key="571" type="xstring" value="Party Region Russian languag recogn offici"/>
<entry key="572" type="xstring" value="Ukrain prepar complain WTO restrict suppli Russia"/>
<entry key="573" type="xstring" value="Pentagon replac import Russian rocket engin RT News"/>
<entry key="574" type="xstring" value="Russia Peru foreign minist discuss militari technologi co-operation"/>
<entry key="575" type="xstring" value="Ukrain separatist parad seiz observ"/>
<entry key="576" type="xstring" value="OPINION Putin Ral Russian Rebuild Country’s Prestig"/>
<entry key="577" type="xstring" value="Putin Russian instructor special unit troop Ukrain"/>
<entry key="578" type="xstring" value="Sanction effect modern world Putin RT Business"/>
<entry key="579" type="xstring" value="US Imposes Sanctions Russian Russian Compani White House"/>
<entry key="580" type="xstring" value="Putin express condol Afghan presid heavi landslid casualti"/>
<entry key="581" type="xstring" value="USA declar readi impos target sanction Russia"/>
<entry key="582" type="xstring" value="Putin slam Ukrainair attack rebel helicopt"/>
<entry key="583" type="xstring" value="Russia’s Foreign Minist Crown Princ Bahrain discuss Ukrain situat"/>
<entry key="584" type="xstring" value="WorldView - #4"/>
<entry key="585" type="xstring" value="Pro-Russian milit gain ground"/>
<entry key="586" type="xstring" value="Ukrain crisi Voic countri turmoil"/>
<entry key="587" type="xstring" value="US sanction target Putin aid"/>
<entry key="588" type="xstring" value="Putin Sanction benefit Russian economi MasterCard Visa mistak"/>
<entry key="589" type="xstring" value="Putin US initi Ukrain event"/>
<entry key="590" type="xstring" value="Putin discuss integr Crimea Sevastopol Russia lawmak"/>
<entry key="591" type="xstring" value="Putin Washington Ukrain event fly low RT News"/>
<entry key="592" type="xstring" value="Putin highlight import cultur nate uniti"/>
<entry key="593" type="xstring" value="defens import Russia catastroph Ukrain Putin RT News"/>
<entry key="594" type="xstring" value="Sanction Addition Russian Ukrainian Official"/>
<entry key="595" type="xstring" value="Russian Deputi Washington Cut Bilater Ti Moscow Ukrain"/>
<entry key="596" type="xstring" value="WorldView - #19"/>
<entry key="597" type="xstring" value="â€˜Feed armi motherfRaging local â€˜hijackâ€report Ukrain troop raid Slavyansk RT News"/>
<entry key="598" type="xstring" value="scienc econom sanction"/>
<entry key="599" type="xstring" value="Kiev author Russia dissoci protest southeastern region"/>
<entry key="600" type="xstring" value="Washington rebuk Bahrain sign invest cooper deal Russia"/>
<entry key="601" type="xstring" value="WorldView - #2"/>
<entry key="602" type="xstring" value="Ukraineâ€™s far-right leader move east form squadron RT News"/>
<entry key="603" type="xstring" value="WorldView - #3"/>
<entry key="604" type="xstring" value="Ukrain forc move rebel stronghold"/>
<entry key="605" type="xstring" value="West threaten Russia sanction trade relat complex"/>
<entry key="606" type="xstring" value="US plan sanction Russia White House aid"/>
<entry key="607" type="xstring" value="Russia readi welcom Ukraine’s defens sector specialist Putin"/>
<entry key="608" type="xstring" value="Leader Bulgarian Socialist Party ground sanction Russia"/>
<entry key="609" type="xstring" value="Ukrain minist Russia plan invas"/>
<entry key="610" type="xstring" value="violenc escal Ukrain fear civil war"/>
<entry key="611" type="xstring" value="Russia Marshall Islands nuclear lawsuit baseless"/>
<entry key="612" type="xstring" value="Target Sanction Appropriat"/>
<entry key="613" type="xstring" value="Sanction sanctimoni solut RT Op-Edge"/>
<entry key="614" type="xstring" value="polit ban food import"/>
<entry key="615" type="xstring" value="Kazakhstan Urge Talk Russia Ukrain Launch Pad Project"/>
<entry key="616" type="xstring" value="Obama roll sanction Russia Moscow hurt RT News"/>
<entry key="617" type="xstring" value="China oppos unilater sanction Russia"/>
<entry key="618" type="xstring" value="Japan impos sanction Russia"/>
<entry key="619" type="xstring" value="Ukrain helpless quell unrest"/>
<entry key="620" type="xstring" value="Ukrain launch dialogu Russia presidenti candid"/>
<entry key="621" type="xstring" value="Foul languag cinema art prohibit Russia"/>
<entry key="622" type="xstring" value="Author advis compani send employe Russian resort Putin RT Russian polit"/>
<entry key="623" type="xstring" value="Russian diplomat detent journalist Ukrain abus freedom speech"/>
<entry key="624" type="xstring" value="Kerryrefus discuss Ukrain irrespons approach"/>
<entry key="625" type="xstring" value="Russia receiv 2200 asylum request Ukrainian 2014"/>
<entry key="626" type="xstring" value="Kiev Hope Discuss Releas OSCE Inspector Moscow"/>
<entry key="627" type="xstring" value="Ukrainian militari forc Russian report kneel caught camera RT News"/>
<entry key="628" type="xstring" value="Russian Crisi Ukrain caus coup support West"/>
<entry key="629" type="xstring" value="Separatist storm east Ukrain govern"/>
<entry key="630" type="xstring" value="Truck casualti found militari arsen Siberia’s Trans-Baikal territori"/>
<entry key="631" type="xstring" value="Separatist seiz build Ukraine"/>
<entry key="632" type="xstring" value="Russian-Ukrainian trade volum"/>
<entry key="633" type="xstring" value="defendTaxi driver stand Ukrainian soldier VIDEO RT News"/>
<entry key="634" type="xstring" value="take step settl situat detent militari inspector Slavyansk"/>
<entry key="635" type="xstring" value="Ukrain act interior minist claim oper east countripeopl"/>
<entry key="636" type="xstring" value="Russia demand exhaust measur secur presidenti envoi Ukrain"/>
<entry key="637" type="xstring" value="Exclusiv sanction South Sudan conflict dai sourc"/>
<entry key="638" type="xstring" value="Exclusiv sanction South Sudan conflict dai sourc - #2"/>
<entry key="639" type="xstring" value="Ukrainian crisi condit Switzerland construct dialogu exampl offici"/>
<entry key="640" type="xstring" value="Syria delai remov chemic weapon"/>
<entry key="641" type="xstring" value="‘SNC militari capac polit vision Syria’ RT Op-Edge"/>
<entry key="642" type="xstring" value="servicemen fight fire die ammo blast Siberia"/>
<entry key="643" type="xstring" value="Russia asham sanction"/>
<entry key="644" type="xstring" value="US economi grow snailâ€™s pace quarter expand RT Business"/>
<entry key="645" type="xstring" value="Moscow releas â€˜White Bookâ€human right abus crisis-torn Ukrain RT News"/>
<entry key="646" type="xstring" value="Ukrain detain Russian militari attachÃ© spy"/>
<entry key="647" type="xstring" value="US former opposit blame Ukrain situat MP"/>
<entry key="648" type="xstring" value="Report mass violat human right Ukraine goe Putin"/>
<entry key="649" type="xstring" value="Protest Crackdown Eastern Ukrain Continu National Guard"/>
<entry key="650" type="xstring" value="Ukrain humanitarian disast sign notic migrat chief"/>
<entry key="651" type="xstring" value="Ukraine’s overal debt Russian ga grow 3492 billion"/>
<entry key="652" type="xstring" value="WorldView - #18"/>
<entry key="653" type="xstring" value="Kiev portion IMF loan augment gold curren resrev"/>
<entry key="654" type="xstring" value="Footbal ultra attack anti-govt protest eastern Ukrain VIDEO PHOTOS RT News"/>
<entry key="655" type="xstring" value="Russian inflat hit year-on-year"/>
<entry key="656" type="xstring" value="child mortal rate Western Europe studi RT News"/>
</config>
<config key="column_type">
<config key="collection_element_type">
<entry key="cell_class" type="xstring" value="org.knime.core.data.def.DoubleCell"/>
</config>
<entry key="cell_class" type="xstring" value="org.knime.core.data.collection.ListCell"/>
</config>
<config key="column_domain"/>
<config key="column_properties"/>
</config>
</config>
